,MajorCluster
AAACGAAAGTAATCAG-1,L6 IT
AAACGAACACGCTGTG-1,L2/3 IT
AAACGAATCCTGGGAC-1,L6 IT
AAACGAATCGGGAAAC-1,Macrophage
AAACTCGAGAAAGCAG-1,L2/3 IT
AAACTCGAGACACTTC-1,L6 IT
AAACTCGCAAATTCCG-1,L2/3 IT
AAACTCGCACATGATC-1,L6 IT
AAACTCGGTTAACCAC-1,L2/3 IT
AAACTCGGTTACTACG-1,Oligo
AAACTCGGTTCCGCGA-1,Oligo
AAACTCGTCCAACGCG-1,L2/3 IT
AAACTCGTCCATCATT-1,L2/3 IT
AAACTCGTCGAGTTAC-1,Pvalb
AAACTCGTCTGGGCGT-1,L6 IT
AAACTGCAGGGTTCTT-1,Macrophage
AAACTGCCACTCGCAG-1,Lamp5
AAACTGCGTAGAACGC-1,L5 IT
AAAGATGAGCACCATT-1,Meis2
AAAGATGAGCGAGAAA-1,Astro
AAAGATGCATCACAGT-1,L4
AAAGATGCATCGCCTT-1,L6 IT
AAAGATGTCTCATCCG-1,Astro
AAAGGATCACGGCCAT-1,Lamp5
AAAGGATGTCATGAGG-1,Astro
AAAGGATGTTACCCAA-1,L2/3 IT
AAAGGGCAGAGGTGGG-1,Astro
AAAGGGCAGTTAGCAA-1,L6 CT
AAAGGGCCAACGTACT-1,Oligo
AAAGGGCCATTGATGC-1,Oligo
AAAGGGCGTCAAACAA-1,L5 IT
AAATGAGAGGGCATTG-1,L2/3 IT
AAATGAGCACTGTCGG-1,Oligo
AAATGAGGTTTGTGAC-1,Oligo
AAATGAGTCAAGAGAT-1,L6b
AAATGCCAGATTCCGT-1,Vip
AAATGCCAGTCGACCC-1,L5 IT
AAATGCCGTACAAATG-1,L4
AAATGCCGTGTGAGGT-1,Oligo
AAATGCCTCCCGGGTA-1,L5 IT
AACAAAGAGGCCAGTA-1,L2/3 IT
AACAAAGAGTGAAGGA-1,Astro
AACAAAGAGTTCAACC-1,Pvalb
AACAAAGCAAGCTTTG-1,Pvalb
AACAAAGGTACTTGAC-1,Oligo
AACAAAGGTCCCGTGA-1,L6 CT
AACAAAGGTCTGTCCT-1,L2/3 IT
AACAAAGTCCCGAAGC-1,Astro
AACAAAGTCCTCATTA-1,Macrophage
AACAGTCAGCGAGAAA-1,L5 IT
AACAGTCAGTGGTGTG-1,Sst
AACAGTCCAGGGCTTC-1,Oligo
AACAGTCTCGAGCGCT-1,L2/3 IT
AACATCGAGCTGAAAT-1,L2/3 IT
AACATCGCATTTGGCA-1,L2/3 IT
AACATCGGTCCATTGA-1,Oligo
AACATCGGTCCCTAAA-1,L2/3 IT
AACATCGTCCGTGCAG-1,Oligo
AACCAACCAATACTGC-1,Oligo
AACCAACCAGTTGCAT-1,L5 IT
AACCAACCATAGCCAT-1,L4
AACCAACCATGGGTGA-1,Oligo
AACCAACGTATTCGAC-1,L2/3 IT
AACCAACGTCCCGTGA-1,L4
AACCGATAGCTCGTTA-1,Oligo
AACCGATAGGGTTCTT-1,Oligo
AACCGATAGTGTGTAA-1,L4
AACCGATCAGAGCCAA-1,L4
AACCGATGTAGAATAC-1,Oligo
AACCGATGTAGCTGTT-1,Oligo
AACCGATGTCACTCTC-1,Astro
AACCGATGTCGCGCTA-1,Oligo
AACCGATGTTAACCAC-1,L6 IT
AACCGATGTTTGTAGC-1,Astro
AACCGATTCGCTACCT-1,L2/3 IT
AACCGATTCTCTGCAC-1,Sst
AACCTGAAGTAGTTCC-1,L6 CT
AACCTGAAGTGAACCG-1,Macrophage
AACCTGACATCATAGC-1,Astro
AACCTGACATGTGGGA-1,L2/3 IT
AACCTGAGTAGCGAGT-1,L6 CT
AACCTGAGTGAATGGC-1,L5 PT
AACCTGAGTTCCTATT-1,Macrophage
AACCTGATCACTACCC-1,VLMC
AACCTTTCAACGGACA-1,Astro
AACCTTTTCGCTCGGA-1,L6 CT
AACGAGGAGTCATACC-1,L2/3 IT
AACGAGGCAAGGCTTT-1,L6 CT
AACGAGGCAGTAAGAT-1,L4
AACGAGGGTAACCATC-1,L2/3 IT
AACGAGGGTCTAACCA-1,Lamp5
AACGAGGGTTAAGTCC-1,L2/3 IT
AACGAGGTCACTGATG-1,Oligo
AACGAGGTCAGGTCTA-1,L4
AACGGGAAGAAGCCTG-1,Oligo
AACGGGAAGGCATGCA-1,L4
AACGGGAAGGGCATTG-1,Astro
AACGGGAAGTAACTCC-1,Lamp5
AACGGGACAAACCCTA-1,Oligo
AACGGGACATTCTTTG-1,L4
AACGGGAGTCGCGCTA-1,L6 IT
AACGGGAGTGCATCAT-1,Astro
AACGGGAGTGCTTGAT-1,L2/3 IT
AACGTACAGGAATGGA-1,L2/3 IT
AACGTACGTACGGATG-1,Oligo
AACGTACGTCAAACAA-1,Oligo
AACGTACGTCACTCTC-1,L4
AACGTACGTTTGTAGC-1,L4
AACGTACTCGGTGATT-1,Astro
AACTGGTAGCTACGTT-1,L6b
AACTGGTAGCTCCGGT-1,Oligo
AACTGGTAGTACAACA-1,L2/3 IT
AACTGGTAGTGAAGGA-1,Oligo
AACTGGTAGTGAATAC-1,L4
AACTGGTGTCTGGTTA-1,L6 IT
AACTGGTTCCATCTAT-1,Astro
AACTGGTTCCGTGCAG-1,L4
AACTGGTTCGATAGGG-1,L5 IT
AACTGTGAGAAGGGCG-1,Oligo
AACTGTGAGACGTCAG-1,L4
AACTGTGAGAGCCACA-1,Endo
AACTGTGAGGTGTTGG-1,Lamp5
AACTGTGCACTGTAAC-1,L6 IT
AACTGTGTCGTGATAC-1,Oligo
AACTGTGTCTCTATCA-1,L6 IT
AACTTGGCATTAGCAC-1,Astro
AACTTGGGTAGTAACA-1,L5 IT
AACTTGGGTCCCGAGT-1,L2/3 IT
AACTTGGGTCTGCACG-1,L5 PT
AACTTGGGTGCCAAGA-1,Macrophage
AACTTGGTCCCGTATC-1,L2/3 IT
AACTTGGTCGTGGCGT-1,L6 CT
AAGATAGAGGCCAGTA-1,Oligo
AAGATAGAGTGAGCAC-1,Lamp5
AAGATAGAGTGATAAC-1,L4
AAGATAGTCGGATCGC-1,Oligo
AAGATAGTCTATCTAC-1,Macrophage
AAGATAGTCTTCCAGC-1,Macrophage
AAGGAGCAGACCGCAA-1,L6 CT
AAGGAGCAGGAGTAGA-1,Astro
AAGGAGCCAAGTGGCA-1,L4
AAGGAGCCAGGATAGC-1,L4
AAGGAGCGTCATCAAC-1,L4
AAGGAGCGTGCTGAAG-1,L2/3 IT
AAGGAGCGTTTGCCCT-1,L2/3 IT
AAGGAGCTCGCGTGAC-1,Macrophage
AAGGAGCTCTGAACGT-1,Oligo
AAGGTTCAGATCGAGC-1,L4
AAGGTTCAGATGTTCC-1,L6 CT
AAGGTTCAGCAGTAGC-1,L6 CT
AAGGTTCAGGGCTTCC-1,L5 IT
AAGGTTCCACGTTGTA-1,L4
AAGGTTCGTCGTAATC-1,L4
AAGGTTCGTGGTAAGC-1,L6 IT
AAGGTTCGTTACGAAA-1,L6 IT
AAGGTTCTCCCTAAAG-1,L2/3 IT
AATACGCGTCACCCGA-1,NP
AATACGCGTTGAATAG-1,Sst
AATACGCTCAAGTTGC-1,L6 CT
AATACGCTCTATGAGC-1,Meis2
AATACGCTCTCTTCCT-1,L2/3 IT
AATGCCACAAGCGTCC-1,L2/3 IT
AATGCCACACTTTGGA-1,L6 CT
AATGCCAGTAAGTCTC-1,L4
AATGCCAGTCATAAGA-1,L6 CT
AATGCCAGTGAATGGC-1,L6 IT
AATGCCATCAGGCGCT-1,L5 PT
AATGCCATCCATCATT-1,L6 IT
AATGGAAAGTACAGAT-1,Macrophage
AATGGAACACCGAAAG-1,Oligo
AATGGAAGTCATAGAA-1,Astro
AATGGAAGTCCAGACC-1,L5 IT
AATGGAAGTGATAGAT-1,L4
AATGGAAGTGCATCAT-1,L6 CT
AATGGAAGTGCGTAGA-1,Sst
AATGGAATCCATTGAG-1,L6 CT
AATGGAATCGGTCTCT-1,L6 CT
AATGGCTAGCAGAATT-1,Oligo
AATGGCTAGGACTTTC-1,L6 IT
AATGGCTAGGTGTTGG-1,Pvalb
AATGGCTAGTCGCCTG-1,Astro
AATGGCTAGTTGAATG-1,L4
AATGGCTCACGTTGTA-1,L6b
AATGGCTCAGCGCGTT-1,L6 IT
AATGGCTGTAGAACGC-1,L2/3 IT
AATGGCTGTAGGGTTG-1,Macrophage
AATGGCTTCCAGTTAG-1,Sncg
AATGGCTTCGATTACG-1,L6 CT
AATGGCTTCGCTCGGA-1,L2/3 IT
AATGTCGAGCTGAATA-1,Astro
AATGTCGAGTGAACCG-1,Lamp5
AATGTCGCAAACGTTC-1,Oligo
AATGTCGCAGGTTATC-1,Pvalb
AATGTCGGTACCGGCT-1,Macrophage
AATGTCGGTTGGCTTA-1,L4
AATGTCGTCGGTTCCT-1,L4
ACAAACCAGTTACACC-1,Astro
ACAAACCCACAAGGGT-1,L6 CT
ACAAACCCACTCCTCA-1,L4
ACAAACCGTGCTTGAT-1,Oligo
ACAAACCGTTAGTAGA-1,Macrophage
ACAAACCTCCGTTTCG-1,VLMC
ACAAACCTCGGGACAA-1,L5 IT
ACAAAGAAGACCGCAA-1,Oligo
ACAAAGAAGATCACCT-1,Oligo
ACAAAGAAGATTACGA-1,Macrophage
ACAAAGAAGCTGGAGT-1,L2/3 IT
ACAAAGACAACAAACA-1,L5 IT
ACAAAGACATTACTTC-1,L2/3 IT
ACAAAGAGTAGAAAGG-1,Oligo
ACAAAGAGTTTGCCCT-1,L4
ACAAAGATCTGTGTGA-1,L2/3 IT
ACAAGCTCAAAGAGAG-1,L6 CT
ACAAGCTCAAGGAAGA-1,L5 IT
ACAAGCTCAATCCATG-1,L2/3 IT
ACAAGCTCAATGCACT-1,L2/3 IT
ACAAGCTCATACTGCA-1,L2/3 IT
ACAAGCTGTACGGAGT-1,Oligo
ACAAGCTGTTGCAGCC-1,Oligo
ACAAGCTTCCATGTTT-1,L2/3 IT
ACAAGCTTCTCTGCAC-1,Oligo
ACAATCGAGAACGTTA-1,L4
ACAATCGAGCAGGACT-1,L4
ACAATCGAGTCTCTAG-1,Astro
ACAATCGGTACCTATG-1,L6 IT
ACAATCGGTATGGGTG-1,L4
ACAATCGGTCAACGGA-1,Lamp5
ACAGAAAGTCGAGGTA-1,Sst
ACAGAAAGTCGCTAGC-1,Sst
ACAGAAATCGACTTAG-1,L2/3 IT
ACAGAAATCGCCCTTA-1,L4
ACAGACTAGTCTTAGC-1,L4
ACAGACTCACCGAATT-1,L2/3 IT
ACAGACTGTGTCCAGC-1,Astro
ACAGACTGTTCAGTTG-1,Vip
ACAGACTTCCATATCT-1,L6 IT
ACAGACTTCGATGTGT-1,Oligo
ACAGACTTCTGTAGAC-1,L2/3 IT
ACAGCGCAGTACGCGA-1,Oligo
ACAGCGCAGTTAGCAA-1,Pvalb
ACAGCGCCAATTGTGC-1,L6 IT
ACAGCGCCACCTGGTG-1,L5 IT
ACAGCGCCACTCCCAT-1,L4
ACAGCGCGTACGTAGG-1,L2/3 IT
ACAGCGCTCCCTACCA-1,Macrophage
ACAGCGCTCGCAAGCC-1,L6 IT
ACAGCGCTCGTTTGAG-1,Oligo
ACAGGCCAGAATACTG-1,L2/3 IT
ACAGGCCAGATCCGAG-1,L4
ACAGGCCAGGTTTCTG-1,L4
ACAGGCCAGTTCAACC-1,Astro
ACAGGCCCATTCGTCC-1,Oligo
ACAGGCCTCTACTGCC-1,L2/3 IT
ACAGGCCTCTGTGTCC-1,Oligo
ACATGCACAAGCCCTG-1,L2/3 IT
ACATGCACACAGATGG-1,L4
ACATGCAGTGCGTAGA-1,L2/3 IT
ACATGCAGTTACCCAA-1,L2/3 IT
ACATGCATCAGCCGGT-1,Oligo
ACATGCATCCCACTTG-1,L5 IT
ACATGCATCCTAAAGC-1,Lamp5
ACATGCATCGAGGCTC-1,Macrophage
ACATGCATCGGGAATG-1,Oligo
ACATGGTAGTCTCGAT-1,Vip
ACATGGTAGTGGGACT-1,Astro
ACATGGTCAGCTGATT-1,L2/3 IT
ACATGGTCAGGACCTC-1,Oligo
ACATGGTCATTTGGCA-1,Pvalb
ACATGGTGTACCAAGG-1,NP
ACATGGTGTAGGGTTG-1,Oligo
ACATGGTTCCATAACG-1,Oligo
ACCAAACAGAAATGGG-1,L4
ACCAAACAGAACGTCG-1,L6 IT
ACCAAACAGCGTTGCC-1,L6b
ACCAAACAGCTGAATA-1,L4
ACCAAACAGGTGTTGG-1,Lamp5
ACCAAACAGTCCGGAA-1,L4
ACCAAACCAAACGACG-1,L4
ACCAAACCATTGCGAT-1,L2/3 IT
ACCAAACGTGCATTCA-1,L6 IT
ACCAAACTCACTACCC-1,L2/3 IT
ACCATCCAGACCCATT-1,L2/3 IT
ACCATCCAGAGCTCCC-1,Lamp5
ACCATCCAGTGAGTGC-1,L4
ACCATCCCAATTCTCT-1,Astro
ACCATCCGTCAGTGTT-1,L2/3 IT
ACCATCCGTGGGTAGT-1,Astro
ACCATCCGTTTCCTAT-1,L6 IT
ACCCAAAAGATCGCCC-1,L5 IT
ACCCAAAAGTAGAAGG-1,Oligo
ACCCAAAAGTAGGTCG-1,L6 CT
ACCCAAAGTGTACGCC-1,Astro
ACCGAATAGAATACTG-1,L2/3 IT
ACCGAATAGACACAAT-1,Macrophage
ACCGAATCATTGATGC-1,Vip
ACCGAATGTATGGTTC-1,Oligo
ACCGAATGTTTCGTTT-1,Vip
ACCGAATTCGTTGTAG-1,Vip
ACCGCAGCAAATGCTC-1,Oligo
ACCGCAGCAACAACTC-1,L6 CT
ACCGCAGCAGGGCTTC-1,Macrophage
ACCGCAGGTAGCAGCA-1,L6 IT
ACCGCAGGTTTCACCC-1,Oligo
ACCGCAGGTTTCTTAC-1,Pvalb
ACCGGGTAGGATTTGA-1,L5 IT
ACCGGGTAGGGCGAAG-1,L6 CT
ACCGGGTCAAGCAATA-1,L6 IT
ACCGGGTCAAGGATGC-1,L6b
ACCGGGTCAATTCGTG-1,L6 IT
ACCGGGTCACGCGATC-1,Sst
ACCGGGTGTAGAAGCC-1,L6 IT
ACCGGGTTCGGTCTAA-1,L2/3 IT
ACCGGGTTCTGGCCAG-1,Sst
ACCTGCTAGAAGAGTG-1,L4
ACCTGCTAGAATCAGT-1,NP
ACCTGCTAGGAGTACC-1,L4
ACCTGCTCACTCCCAT-1,L6 CT
ACCTGCTTCCATTGAG-1,L4
ACGGATTAGCGCCTAC-1,L2/3 IT
ACGGATTAGCTGGAGT-1,L4
ACGGATTCAACCTCCT-1,L2/3 IT
ACGGATTCACAACGGA-1,L5 IT
ACGGATTCATAAAGTG-1,L5 IT
ACGGATTCATCAGAAA-1,L4
ACGGATTCATGGTAAA-1,Astro
ACGGATTGTAAGTGCG-1,L6 IT
ACGGATTGTCCCGAGT-1,L4
ACGGATTGTGTTTCTT-1,L2/3 IT
ACGGATTTCACTACCC-1,Macrophage
ACGTGGCAGAACGTCG-1,Oligo
ACGTGGCAGAATACTG-1,Oligo
ACGTGGCAGGACTTTC-1,L4
ACGTGGCCACAGATGG-1,L2/3 IT
ACGTGGCCAGGTGGTA-1,L4
ACGTGGCGTAAACGTA-1,Astro
ACGTTAGAGAGGCGGA-1,Vip
ACGTTAGCACGTTAGT-1,L4
ACGTTAGCATCTCTCG-1,L2/3 IT
ACGTTAGGTATATGGA-1,L6 IT
ACGTTAGGTCCGTAGC-1,L6 IT
ACGTTAGGTGTGTGTT-1,L2/3 IT
ACGTTAGTCACTGATG-1,L4
ACTAACGAGAATCAAC-1,L4
ACTAACGAGGTGATGC-1,L6 IT
ACTAACGCACACACAT-1,Sst
ACTAACGCACGGCCAT-1,Lamp5
ACTAACGCAGAACTTC-1,Lamp5
ACTAACGTCGCCCTTA-1,L2/3 IT
ACTACCCAGCACACCC-1,L5 IT
ACTACCCAGGCCAATG-1,L6 CT
ACTACCCCATTTCACT-1,L6b
ACTACCCTCACGTCAA-1,L5 IT
ACTACCCTCCAACAAC-1,L2/3 IT
ACTACGAAGAGAGTTT-1,L2/3 IT
ACTACGAAGGATGTCG-1,L4
ACTACGAAGGTAAGTT-1,L2/3 IT
ACTACGAAGTCCCTCT-1,L5 IT
ACTACGACACAACGGA-1,L5 IT
ACTACGACATCCCTTG-1,L4
ACTACGACATGGGACA-1,Lamp5
ACTACGAGTAGCAGCA-1,L6 IT
ACTACGATCACACGTA-1,L6 IT
ACTACGATCGGCATAT-1,VLMC
ACTACGATCGTGCTGG-1,Oligo
ACTAGGTCAAGTCCTA-1,L6 IT
ACTAGGTGTTGGACGA-1,L2/3 IT
ACTAGGTTCGACTGGC-1,L2/3 IT
ACTATTCAGTTCAAGA-1,L4
ACTATTCCATCAACTG-1,L2/3 IT
ACTATTCGTGTCTCGG-1,L6 CT
ACTATTCTCGTGGTAT-1,L6 IT
ACTATTCTCTGACATG-1,L4
ACTCGGGAGTAACTCC-1,L2/3 IT
ACTCGGGCAAGTAACA-1,Astro
ACTCGGGCACTCCCAT-1,Oligo
ACTCGGGCAGATTTGC-1,Oligo
ACTCGGGCATCGCTAA-1,L2/3 IT
ACTCGGGGTATTCGCA-1,Astro
ACTCGGGGTCGGCTGT-1,L6 CT
ACTCGGGGTGCAGACA-1,L6 CT
ACTCGGGGTGGAAAGA-1,Pvalb
ACTCGGGTCACAACAC-1,L4
ACTGCAAAGCGTCAAG-1,L2/3 IT
ACTGCAAGTAAACGAT-1,L6 IT
ACTGCAAGTAATGCCT-1,Astro
ACTGCAAGTGAGGTCA-1,Astro
ACTGCAATCAAGGCAG-1,Pvalb
ACTGCGGAGATGTTCC-1,Astro
ACTGCGGAGGATTTGA-1,L6 CT
ACTGCGGAGTATCTGC-1,L2/3 IT
ACTGCGGCAAGTTCGT-1,Oligo
ACTGCGGGTATTCTTC-1,L4
ACTGCGGGTGACCAGA-1,Oligo
ACTGCGGGTGGTGGTA-1,L4
ACTGCGGGTTCTGATG-1,L4
ACTGCGGGTTGGGAAC-1,L4
ACTGTCCAGATCGAGC-1,L4
ACTGTCCAGTTCAAGA-1,Endo
ACTGTCCCATAGCCGC-1,Oligo
ACTGTCCCATGGGACA-1,Sst
ACTGTCCGTCAGTGTT-1,Oligo
ACTGTCCGTGGATTCT-1,Oligo
ACTGTCCTCGTGGCGT-1,Macrophage
ACTTCCGGTACTTGAC-1,L5 IT
ACTTCCGGTGTCCTTC-1,L4
ACTTCCGTCAAACCAC-1,Astro
ACTTCCGTCACGTGTA-1,L6 CT
ACTTTCAAGACACAAT-1,Oligo
ACTTTCACACCGTTGG-1,Oligo
ACTTTCACACCTGGTG-1,L5 IT
ACTTTCAGTGCCAAGA-1,Astro
ACTTTCAGTGCGACCT-1,L4
ACTTTCATCCATCATT-1,L2/3 IT
ACTTTCATCGCTCGGA-1,L2/3 IT
ACTTTCATCGGATAGG-1,L2/3 IT
AGACAAAAGATGCGAC-1,L2/3 IT
AGACAAAAGGCCTAAG-1,Oligo
AGACAAAAGTCGTGAG-1,L4
AGACAAACAAATGTCC-1,L4
AGACAAACAATGATGA-1,L4
AGACAAACACGCGCAT-1,L6 IT
AGACAAACAGCAAACG-1,L5 IT
AGACAAAGTAGATTAG-1,L6 IT
AGACAAAGTATCGCGC-1,L6 CT
AGACAAAGTCACATTG-1,Oligo
AGACAAAGTGATCAGG-1,L2/3 IT
AGACAAAGTTCCAGTA-1,Oligo
AGACAAATCCTGACCT-1,L4
AGACAAATCGATGAAA-1,L6 IT
AGACAAATCGCCACTT-1,L2/3 IT
AGACAAATCGGAAAGC-1,L5 IT
AGACAAATCGTTCTAT-1,L2/3 IT
AGATAGAAGAGTTTGA-1,Oligo
AGATAGAAGCGTTAGG-1,L5 IT
AGATAGAAGCTGAGGT-1,L2/3 IT
AGATAGAAGGCAAGGG-1,L6 IT
AGATAGACACCTCGTT-1,Astro
AGATAGAGTCTTAGCA-1,Astro
AGATAGATCTGATCTT-1,Astro
AGATAGATCTGTTGCC-1,Oligo
AGATTCGAGAACAGGA-1,L6 CT
AGATTCGAGCCATCAT-1,Macrophage
AGATTCGAGGTACATA-1,L5 PT
AGATTCGAGTCCCGCA-1,Sst
AGATTCGAGTGATAAC-1,Oligo
AGATTCGCACAGATGG-1,NP
AGATTCGCATGCGTTA-1,L4
AGATTCGGTCCTTATT-1,L5 IT
AGATTCGGTGTTAGAA-1,L2/3 IT
AGATTCGGTTTCCTAT-1,Oligo
AGATTCGTCACGTCAA-1,L6 IT
AGCCAGCAGTAACACA-1,Oligo
AGCCAGCAGTGCACAG-1,L2/3 IT
AGCCAGCCACACACAT-1,L2/3 IT
AGCCAGCCACAGGTAG-1,L2/3 IT
AGCCAGCCATACCCGG-1,Macrophage
AGCCAGCGTCTCAAAC-1,L6 IT
AGCCCGAAGATCGAGC-1,Astro
AGCCCGAAGGAGGCGA-1,L6 IT
AGCCCGAAGGGCTTCC-1,L2/3 IT
AGCCCGACAATGCACT-1,L4
AGCCCGACATTGTGAC-1,Pvalb
AGCCCGAGTACCAAGG-1,L2/3 IT
AGCCCGAGTCAATCCA-1,L6 CT
AGCCCGAGTTTGATCG-1,Lamp5
AGCCGCAAGAGGAATG-1,Vip
AGCCGCAAGCAATAAC-1,L6 IT
AGCCGCAAGGGTTCTT-1,Lamp5
AGCCGCAAGTATCTGC-1,Astro
AGCCGCACAAAGCTGG-1,Oligo
AGCCGCACAAGGAACC-1,NP
AGCCGCACAAGTTCGT-1,Oligo
AGCCGCACACATCATG-1,Astro
AGCCGCACATGGCCTG-1,L6 CT
AGCCGCACATTCGTCC-1,Pvalb
AGCCGCATCAAGGCAG-1,Endo
AGCCGCATCCCAATGA-1,Oligo
AGCCTCTAGATTAGAC-1,L6 CT
AGCCTCTAGCCAGAAC-1,L2/3 IT
AGCCTCTAGGTTGTGG-1,L2/3 IT
AGCCTCTAGTTGGAAT-1,Macrophage
AGCCTCTCAAGCCAGA-1,L2/3 IT
AGCCTCTCACACATTG-1,Astro
AGCCTCTCATTTGGCA-1,Astro
AGCCTCTGTACGCAAG-1,L4
AGCCTCTGTCAACAGG-1,L4
AGCCTCTGTGCGCTCA-1,L4
AGCCTCTGTTGCCTGG-1,L4
AGCCTCTTCTATACCT-1,L6b
AGCCTCTTCTTGGCCT-1,Astro
AGCCTGGAGACGCCAA-1,Pvalb
AGCCTGGAGGGACGTT-1,Astro
AGCCTGGCACGAACGA-1,L2/3 IT
AGCCTGGCATTACACG-1,Vip
AGCCTGGTCAGCCGGT-1,L2/3 IT
AGCCTTCAGTGAGCTG-1,L2/3 IT
AGCCTTCCAATGGCTT-1,L4
AGCCTTCCACATCATG-1,Lamp5
AGCCTTCGTATTCTTC-1,Astro
AGCCTTCGTGCAAGAC-1,Astro
AGCCTTCGTGCAAGCA-1,L4
AGCGATTAGAAGACTT-1,Astro
AGCGATTAGGTCTTTG-1,L4
AGCGATTAGTGGACGT-1,Lamp5
AGCGATTCACAAGGGT-1,Sst
AGCGATTCACTCCACT-1,Sst
AGCGATTCAGAACTTC-1,L2/3 IT
AGCGATTCATTTGGTG-1,L2/3 IT
AGCGATTTCTCAGATG-1,Macrophage
AGCGTATCACTGTAAC-1,Astro
AGCGTATGTACGGAGT-1,L6 CT
AGCGTATGTGAGTCGA-1,L4
AGCGTATTCGCAACTA-1,L6 CT
AGCGTGCAGACACAAT-1,Macrophage
AGCGTGCAGACTCTTG-1,L4
AGCGTGCAGGCCAGTA-1,NP
AGCGTGCAGGCGATTG-1,L6b
AGCGTGCCAAGGACCA-1,Astro
AGCGTGCCATAAAGTG-1,L6 CT
AGCGTGCGTATGGGTG-1,L4
AGCGTGCGTATTTGCG-1,L4
AGCGTGCGTTGGCTAT-1,Oligo
AGCGTGCTCATGTTCT-1,NP
AGCGTGCTCCTCTCTT-1,L6 IT
AGCGTGCTCTCCTTGG-1,L4
AGCTATGAGCAGAAAG-1,Sst
AGCTATGAGGGTCTGA-1,L4
AGCTATGAGTCGGGAT-1,L6 CT
AGCTATGCATCATAGC-1,Pvalb
AGCTATGCATTTGTTC-1,L5 PT
AGCTATGGTCAGAGTG-1,Astro
AGCTATGGTGGACCAA-1,Vip
AGCTATGGTTGGACGA-1,L5 IT
AGCTATGTCGGATGTT-1,Oligo
AGCTATGTCGTCCCTA-1,Oligo
AGCTATGTCGTTGTTT-1,L4
AGCTATGTCTTGCGCT-1,L5 IT
AGCTGATAGATGTTGA-1,L4
AGCTGATAGCTGCTCG-1,Pvalb
AGCTGATCACGCGCAT-1,Astro
AGCTGATCAGAAAGAG-1,Astro
AGCTGATTCACCCGGA-1,L6 IT
AGCTGGCAGATACCAA-1,L4
AGCTGGCAGCGAATAT-1,Pvalb
AGCTGGCAGTGATCTC-1,Oligo
AGCTGGCCAACAACTC-1,L6b
AGCTGGCCAAGAGATT-1,L4
AGCTGGCCACTCAAGT-1,Pvalb
AGCTGGCCAGATACAA-1,Oligo
AGCTGGCCAGCGTCGT-1,L4
AGCTGGCGTGGTACTT-1,Pvalb
AGCTGGCGTGTGTGTT-1,L4
AGCTGGCTCACCCGGA-1,L6 CT
AGCTGGCTCGACCCGA-1,L5 IT
AGCTGTACAAACGACG-1,Sst
AGCTGTACAAGCAGGT-1,Sst
AGCTGTACACTCGCAG-1,Vip
AGCTGTACACTGTCGG-1,Lamp5
AGCTGTACATCGAGTT-1,L2/3 IT
AGCTGTATCAAGAGGC-1,Oligo
AGCTGTATCAGGGTTT-1,Astro
AGGACGAAGCAGGAGG-1,Vip
AGGACGAAGGGAGTTC-1,L4
AGGACGAAGTACGCGA-1,L5 PT
AGGACGAAGTACTCTG-1,L4
AGGACGACAGAGCCAA-1,L6 CT
AGGACGAGTAAACGGC-1,L4
AGGCCCAAGATAGGTT-1,Macrophage
AGGCCCAAGATCACCT-1,Macrophage
AGGCCCAAGGGCATTG-1,L2/3 IT
AGGCCCAAGTACCTCA-1,L5 PT
AGGCCCACACTGAAGG-1,L6 CT
AGGCCCACATTAGCAC-1,L4
AGGCCCACATTCCCGT-1,Lamp5
AGGCCCAGTCCCGTGA-1,L2/3 IT
AGGCCCAGTGGAAAGA-1,Vip
AGGCCCATCAAACCAC-1,Macrophage
AGGCCCATCTACCCGT-1,Astro
AGGCCTGAGCTGAAAT-1,Oligo
AGGCCTGCACTCCACT-1,Astro
AGGCCTGCATCATGTG-1,Oligo
AGGCCTGCATCTGCAA-1,Astro
AGGCCTGCATGGGACA-1,L6 CT
AGGCCTGTCCTGTAGA-1,L6 CT
AGGCCTGTCTATCTCA-1,Oligo
AGGCGAAAGCGTAGCA-1,L2/3 IT
AGGCGAAAGGGTTCCC-1,L2/3 IT
AGGCGAACACTCCACT-1,Oligo
AGGCGAATCCTATCAT-1,Oligo
AGGCGAATCGCTCTAC-1,Oligo
AGGCGAATCTATCTTG-1,L2/3 IT
AGGCGAATCTGGCACG-1,L5 PT
AGGCGTCAGAATACTG-1,L2/3 IT
AGGCGTCAGAGCGAAA-1,L5 IT
AGGCGTCCAGCTGATT-1,L2/3 IT
AGGCGTCGTAGTGATA-1,Sst
AGGCGTCTCCAGTTAG-1,Macrophage
AGGCGTCTCCGGCTGA-1,Pvalb
AGGCGTCTCGGTCGAC-1,L2/3 IT
AGTCAACAGTCACACT-1,L4
AGTCAACCAACGTCCG-1,L5 PT
AGTCAACGTGCGTCCA-1,Oligo
AGTCAACTCCCGGGTA-1,Lamp5
AGTCCGGAGACTTGAA-1,L6 IT
AGTCCGGAGTTAGCGG-1,L6 CT
AGTCCGGCAAACTACC-1,Macrophage
AGTCCGGCAAGTAACA-1,Astro
AGTCCGGCATCCGTGG-1,VLMC
AGTCCGGGTCTAAGAA-1,L2/3 IT
AGTCCGGGTCTGGTTA-1,L6 CT
AGTGCCGAGAGCTCCC-1,L5 IT
AGTGCCGAGATATGAC-1,L2/3 IT
AGTGCCGAGCTCCGGT-1,Macrophage
AGTGCCGCACAGTTAC-1,Oligo
AGTGCCGCATGACTGT-1,L4
AGTGCCGGTGTTGGTT-1,L5 IT
AGTGCGCCAAGTTCGT-1,Macrophage
AGTGCGCCACTTATGG-1,L2/3 IT
AGTGCGCTCCACGGCA-1,L4
AGTGCGCTCGTTACAG-1,L2/3 IT
AGTGCGCTCTATCTTG-1,L6b
AGTGTACGTCCAGACC-1,Macrophage
AGTGTACGTCTCTGGG-1,L4
AGTGTACGTTCCCGGA-1,Astro
AGTGTACGTTCTACGA-1,L5 PT
AGTGTACTCCGAATTG-1,Astro
AGTGTACTCCGAGGAA-1,Astro
AGTGTACTCCGTGCGA-1,L4
AGTGTACTCGCTTGAA-1,L4
AGTTACGGTACAAATG-1,L4
AGTTACGGTCCGTAGC-1,L6b
AGTTACGGTGATAACA-1,Oligo
AGTTACGGTTTGAAGA-1,Astro
AGTTACGTCGCTGATA-1,L5 IT
AGTTTGGAGATCGAGC-1,Oligo
AGTTTGGAGCCCATGC-1,Astro
AGTTTGGAGTAATCAG-1,L5 PT
AGTTTGGAGTCACGCC-1,L2/3 IT
ATAGGCTAGAGGAAGT-1,L4
ATAGGCTAGATCCGAG-1,Macrophage
ATAGGCTAGTCGCCTG-1,L2/3 IT
ATAGGCTAGTCGTACT-1,Macrophage
ATAGGCTAGTTATGAG-1,Macrophage
ATAGGCTCAGGCAAGT-1,Oligo
ATAGGCTGTAAGGTCG-1,Meis2
ATAGTCGGTAAGCCTT-1,L6 CT
ATATTCCAGAAGACTT-1,Pvalb
ATATTCCAGTCATCTG-1,L6 IT
ATATTCCAGTTGTCCA-1,Macrophage
ATATTCCCAACGAGGT-1,L6 IT
ATATTCCCACAACGGA-1,L5 IT
ATATTCCCACACATGT-1,L6b
ATATTCCCATACCCGG-1,Oligo
ATATTCCGTCTCTGGG-1,L4
ATATTCCGTGTCCAGC-1,Oligo
ATATTCCTCACTAGCA-1,L6 CT
ATATTCCTCGCTTACC-1,L4
ATATTCCTCTATAGGC-1,L6 IT
ATCCAGAAGACTAGGC-1,L6 IT
ATCCAGAAGCTATCCA-1,L4
ATCCAGAAGTGATTAG-1,Astro
ATCCAGAGTCCTTCAC-1,Sst
ATCCAGATCGAGGCTC-1,L6 IT
ATCCAGATCGGTCTCT-1,NP
ATCCCTGAGAGGCAGG-1,Astro
ATCCCTGAGCAATGTA-1,Astro
ATCCCTGAGCATACCT-1,L6 IT
ATCCCTGAGGGTCTGA-1,Astro
ATCCCTGCAAGTTGCT-1,L2/3 IT
ATCCCTGCACAGATGG-1,L6 IT
ATCCCTGGTCCTTATT-1,Astro
ATCCCTGGTTACTACG-1,Oligo
ATCCCTGTCGTGGAAG-1,L2/3 IT
ATCCCTGTCTTTATCG-1,L6 CT
ATCCTCGAGACGCCCT-1,L6 CT
ATCCTCGAGGTTGACG-1,Astro
ATCCTCGAGTAGTTCC-1,L5 PT
ATCCTCGCAAAGCATA-1,L5 PT
ATCCTCGCACCATTCC-1,L5 PT
ATCCTCGGTACTAGAA-1,L2/3 IT
ATCCTCGGTCCAACCG-1,Lamp5
ATCCTCGGTTACGCTA-1,L6 CT
ATCCTCGGTTACGGAG-1,L6 CT
ATCCTCGTCGAGTTAC-1,Macrophage
ATCCTGCAGTAGGTCG-1,Oligo
ATCCTGCCAAGGTCGA-1,Oligo
ATCCTGCCAATGATGA-1,Endo
ATCCTGCCAGGCAAGT-1,L4
ATCCTGCCATGCGTTA-1,L6 CT
ATCCTGCCATTCACGA-1,L2/3 IT
ATCCTGCGTGTTGTTG-1,Pvalb
ATCCTGCGTTCAGAAA-1,Oligo
ATCCTGCTCTGACATG-1,Macrophage
ATCCTGCTCTTAAGCG-1,L5 IT
ATCGAGTAGAGTGGAA-1,L6 CT
ATCGAGTAGGTAAGTT-1,L5 IT
ATCGAGTTCAGGGTTT-1,L4
ATCGAGTTCTTATCAC-1,Pvalb
ATGCATGAGACGACTG-1,L6b
ATGCATGAGTAGTTCC-1,L2/3 IT
ATGCATGCACTCGTGG-1,L4
ATGCATGGTATCGCGC-1,Oligo
ATGCATGGTGAATACA-1,L2/3 IT
ATGCATGGTGCTGTCG-1,Vip
ATGCATGGTTTCTTAC-1,L4
ATGCATGTCGTAGCGC-1,Oligo
ATGGATCAGATCGATA-1,L6 CT
ATGGATCAGGCAAGCT-1,L5 IT
ATGGATCAGGCGACTA-1,Astro
ATGGATCAGTCTAGAA-1,L4
ATGGATCCAAACCTAC-1,L5 IT
ATGGATCCATCGCTAA-1,L2/3 IT
ATGGATCGTACCGGCT-1,Macrophage
ATGGATCGTCCTCAGG-1,L4
ATGGATCGTGTCGTGC-1,Sst
ATGGATCTCTATCTAC-1,Oligo
ATGGATCTCTGGCACG-1,L2/3 IT
ATGGATCTCTTGGCCT-1,L2/3 IT
ATGTACGAGAGAATTC-1,NP
ATGTACGAGTACAGAT-1,Oligo
ATGTACGCATAGTCCA-1,L2/3 IT
ATGTACGGTCGTAGTT-1,L5 IT
ATGTCGACAATCCATG-1,L6 IT
ATGTCGACATCCTGGG-1,L2/3 IT
ATGTCGAGTCTCTAAG-1,L4
ATGTCGATCCGCTCTA-1,Macrophage
ATGTCGATCCTTTGCG-1,Pvalb
ATGTCTTAGATATGTG-1,L6 IT
ATGTCTTAGATGGGAA-1,L2/3 IT
ATGTCTTAGCACACCC-1,Macrophage
ATGTCTTAGTGAAGGA-1,Oligo
ATGTCTTCAATGAAAC-1,L4
ATGTCTTCATGATTGC-1,Oligo
ATGTTTCAGAGAGTTT-1,L2/3 IT
ATGTTTCAGCATACCT-1,L6b
ATGTTTCAGGATCCTT-1,L6 IT
ATGTTTCAGTCAACTC-1,L6 IT
ATGTTTCAGTGTCACT-1,Astro
ATGTTTCCAACTGCGC-1,L5 PT
ATGTTTCCAGTAGTCT-1,L5 IT
ATGTTTCTCGAGAAGC-1,L4
ATGTTTCTCGTTCAGA-1,L2/3 IT
ATTACCTAGAATCAGT-1,Macrophage
ATTACCTAGTTGAATG-1,Oligo
ATTACCTCACGCGACT-1,Oligo
ATTACCTCATTCACCC-1,L5 PT
ATTACCTGTATCTCAG-1,Astro
ATTACCTTCACGATTG-1,Sst
ATTACCTTCACTCGGG-1,L6 CT
ATTACCTTCCGGAAAG-1,Pvalb
ATTACTCAGAAAGGGT-1,Vip
ATTACTCAGAAGCCGT-1,L2/3 IT
ATTACTCAGTAATCAG-1,L2/3 IT
ATTACTCAGTGAGCAC-1,Lamp5
ATTACTCCAAGTAACA-1,Astro
ATTACTCGTCAACTGT-1,Oligo
ATTACTCTCCGCGATG-1,Oligo
ATTCGTTAGGAATGGA-1,Astro
ATTCGTTAGTTCCCGG-1,L4
ATTCGTTCAACCTCTC-1,L2/3 IT
ATTCGTTGTTGCTTGA-1,L5 PT
ATTCGTTGTTTGAAGA-1,L6b
ATTCGTTTCTCCACTG-1,Pvalb
ATTGTCTAGGCACTAG-1,L5 IT
ATTGTCTAGGTTGACG-1,L6b
ATTGTCTAGTCAGGAC-1,Oligo
ATTGTCTAGTCGTACT-1,Macrophage
ATTGTCTCAGCTGATT-1,L2/3 IT
ATTGTCTTCACGTGTA-1,Pvalb
ATTGTCTTCCATCATT-1,L4
ATTGTCTTCCCACTTG-1,L2/3 IT
ATTGTCTTCGCTATTT-1,Oligo
ATTGTCTTCGGACGAA-1,L4
ATTGTCTTCTCATATC-1,L6b
ATTGTCTTCTCGTGAA-1,L5 IT
ATTGTGGAGTCAACTC-1,L6 IT
ATTGTGGCACTCGGAC-1,Astro
ATTGTGGCATGTAGAA-1,Astro
ATTGTGGGTAGAAGCC-1,Astro
ATTGTGGGTCGTAATC-1,Oligo
ATTTGTCAGCAGTAGC-1,Oligo
ATTTGTCAGTATGGGC-1,L4
ATTTGTCAGTGTCCCG-1,Oligo
ATTTGTCCAAGCGTCC-1,L5 IT
ATTTGTCCAGCAACGA-1,Vip
ATTTGTCCATTTCACT-1,L6 IT
ATTTGTCGTCCCGTGA-1,L6 CT
ATTTGTCTCTTAGTGG-1,Macrophage
CAAAGCTAGCGCCTAC-1,L4
CAAAGCTAGCTGCTCG-1,L6 IT
CAAAGCTAGGTTAGTA-1,L4
CAAAGCTCAAGGACCA-1,Astro
CAAAGCTCAAGTCTGT-1,L2/3 IT
CAAAGCTCATGACTGT-1,Meis2
CAAAGCTGTATCGCGC-1,L2/3 IT
CAAAGCTGTATCTGCA-1,L2/3 IT
CAAAGCTGTGCGTAGA-1,Macrophage
CAAAGCTTCCACGGCA-1,L4
CAAAGCTTCGGACGAA-1,L2/3 IT
CAACCAAAGTCTGCTA-1,L5 IT
CAACCAAAGTGAGTTA-1,Oligo
CAACCAACAAAGGCCA-1,L5 IT
CAACCAACAAGGGTAC-1,Oligo
CAACCAACATCAACTG-1,L5 PT
CAACCAACATCCGTAA-1,L4
CAACCAAGTGTCCAGC-1,L2/3 IT
CAACCAAGTTCTTATC-1,L2/3 IT
CAACCAAGTTTGTGAC-1,L2/3 IT
CAACGGCAGTCCTTCC-1,L4
CAACGGCCACCCTTAC-1,Pvalb
CAACGGCGTCACTCTC-1,Astro
CAACGGCGTGACAAGC-1,L2/3 IT
CAACGGCGTTCAGAAA-1,Oligo
CAACGGCGTTTGTAGC-1,Astro
CAACGGCTCGCCAGAC-1,Oligo
CAACGTACACTCCCAT-1,Oligo
CAACGTACAGGGAGTT-1,L4
CAACGTATCAAGGCAG-1,Lamp5
CAACGTATCCACGCTT-1,L5 PT
CAACGTATCGCATACA-1,L4
CAACGTATCGCGGCAT-1,L4
CAAGAAAGTCTGGTTA-1,Astro
CAAGAAAGTGCTTGAT-1,Vip
CAAGAAAGTTCAGTAC-1,Oligo
CAAGAAAGTTCCATCC-1,L4
CAAGAAATCCCACTAC-1,Sst
CAAGAAATCCGTTAGA-1,L6b
CAAGAAATCGGTCCGA-1,Macrophage
CAAGAAATCTTCCAGC-1,Pvalb
CAAGCTAAGACTTCCA-1,Sst
CAAGCTAAGCTACGTT-1,Astro
CAAGCTACATCGACCG-1,Astro
CAAGCTAGTAGCTGTT-1,L6 CT
CAAGCTAGTTACGAAA-1,L6 CT
CAAGCTATCCATCGAA-1,Macrophage
CAAGGCCAGCTCGGCT-1,L4
CAAGGCCAGGCACCTC-1,L6 CT
CAAGGCCAGTACAACA-1,Pvalb
CAAGGCCAGTTCCCGG-1,L4
CAAGGCCCATCCATAG-1,Astro
CAAGGCCTCCAACCTC-1,Meis2
CAAGGCCTCCCAGCGA-1,L6 CT
CAATCCCAGACGCCAA-1,Oligo
CACAACAAGAACAGGA-1,Oligo
CACAACAAGTACTCTG-1,L6 CT
CACAACAAGTGAATAC-1,Lamp5
CACAACAAGTTAGAGT-1,Oligo
CACAACACAAGCCTTA-1,Lamp5
CACAACAGTGCAACAG-1,L2/3 IT
CACAGATCACGCTAAT-1,L6 IT
CACAGATGTACTAGAA-1,L5 IT
CACAGATTCCTAAAGC-1,L4
CACATGACAAGTAATG-1,L4
CACATGACAGCGCGTT-1,Pvalb
CACATGAGTGACAAGC-1,Sst
CACATGATCAGGCGCT-1,L5 IT
CACATGATCCCACTAC-1,Oligo
CACATGATCGAACACT-1,L4
CACCACTAGGATGTAT-1,L2/3 IT
CACCACTAGGCCAGTA-1,L6 CT
CACCACTAGTTGGAAT-1,L6 IT
CACCACTCAAACGACG-1,L2/3 IT
CACCACTCAGAACAGC-1,Oligo
CACCACTCAGGCAGAT-1,Macrophage
CACCACTGTAACGGTG-1,Oligo
CACCACTGTAGGGTCA-1,Macrophage
CACCACTTCAACACGT-1,L2/3 IT
CACCACTTCACGTGTA-1,Vip
CACCACTTCCACACCT-1,Lamp5
CACCACTTCCTATCAT-1,Sst
CACCACTTCGCGATGC-1,L2/3 IT
CACCACTTCTGATCCC-1,L6 IT
CACCTGTAGACCGCAA-1,Oligo
CACCTGTAGATCTCAC-1,Astro
CACCTGTCATAAAGTG-1,Astro
CACCTGTGTGAATCGG-1,Oligo
CACCTGTGTGATCAGG-1,Astro
CACCTTGAGCGTATCT-1,L4
CACCTTGAGTGTCACT-1,L2/3 IT
CACCTTGAGTTCAACC-1,Vip
CACCTTGCAAAGAGAG-1,L4
CACCTTGTCGGTCTCT-1,Macrophage
CACGTTCAGAATCAAC-1,L5 IT
CACGTTCAGACGAAAG-1,L6b
CACGTTCAGGTCCTCG-1,L5 IT
CACGTTCCAAGCAATA-1,L5 PT
CACGTTCCACGCGACT-1,Oligo
CACGTTCCATTCACCC-1,L2/3 IT
CACGTTCGTAAGGTCG-1,Oligo
CACTAAGAGTTGTCCA-1,Astro
CACTAAGCATGATTGC-1,L5 IT
CACTAAGTCAAGGCAG-1,NP
CACTAAGTCAGATACC-1,L5 IT
CACTAAGTCGACTTAG-1,Sst
CACTAAGTCGCTTGAA-1,Astro
CACTGAAAGGCCTAAG-1,L2/3 IT
CACTGAAAGTCGAGCA-1,L2/3 IT
CACTGAACAGCACATT-1,L2/3 IT
CACTGAACATAGTCCA-1,Astro
CACTGAAGTGAATGTA-1,L2/3 IT
CACTGAAGTTAACTCG-1,Astro
CAGCCTTAGAAATACC-1,Oligo
CAGCCTTAGATTACGA-1,L2/3 IT
CAGCCTTAGTAGTCGG-1,Pvalb
CAGCCTTCAAAGCTGG-1,Macrophage
CAGCCTTCAGTTACAC-1,L6 IT
CAGCCTTGTGTGACCC-1,L2/3 IT
CAGCCTTTCCCTACCA-1,Oligo
CAGCCTTTCTATAGGC-1,L2/3 IT
CAGCTAAAGTCGACCC-1,Astro
CAGCTAAAGTTGAATG-1,L5 IT
CAGCTAACACTAGCCG-1,L4
CAGCTAACAGTAACTC-1,L5 PT
CAGCTAACATCCCGGA-1,L6b
CAGCTAAGTACCAAGG-1,L4
CAGCTAAGTCGATAGG-1,Macrophage
CAGCTAATCCAGTACA-1,L6 CT
CAGCTAATCCCATAGA-1,Oligo
CAGCTGGTCACAGGGA-1,Astro
CAGCTGGTCCTATCAT-1,L4
CAGCTGGTCGCACAAT-1,Macrophage
CAGCTGGTCTTACCTA-1,L2/3 IT
CAGGATTAGCGTATCT-1,Vip
CAGGATTAGTTAGCAA-1,L2/3 IT
CAGGATTCAATGGCTT-1,Sst
CAGGATTCACCACCAG-1,Astro
CAGGATTCACTGCTCT-1,L4
CAGGATTCAGAAAGAG-1,L4
CAGGATTCAGCAACCC-1,L4
CAGGATTCAGCAGGTA-1,L6 CT
CAGGATTGTACCTATG-1,L5 IT
CAGGATTGTTAGGAAT-1,Oligo
CAGGATTTCACATCCC-1,L4
CAGGGCTAGGAGTCTG-1,Pvalb
CAGGGCTCAACTACTG-1,L5 PT
CAGGGCTCACAATAAG-1,L6 CT
CAGGGCTCAGGCATCC-1,Lamp5
CAGGGCTCAGTTGCAT-1,Oligo
CAGGGCTGTACTATGC-1,L2/3 IT
CAGGGCTGTGGACTGA-1,L2/3 IT
CAGGGCTTCTCTTCCT-1,L6 CT
CAGTATGAGATCTAAG-1,Oligo
CAGTATGCACAAACAA-1,L6 CT
CAGTATGCATGCCCTT-1,L6 CT
CAGTGCGAGGATCCTT-1,L6b
CAGTGCGAGTACAGTA-1,L2/3 IT
CAGTGCGCAAGGGTAC-1,Astro
CAGTGCGCACGGTGTC-1,Astro
CAGTGCGTCCTGTGGG-1,Astro
CAGTGTAAGTTCAAGA-1,L2/3 IT
CAGTGTACAAGGACCA-1,L6 CT
CAGTGTAGTAGGGTTG-1,L6 CT
CAGTGTAGTGAGGGTT-1,L6 CT
CAGTGTATCAAACCCA-1,L2/3 IT
CATAACGAGCCTCGCA-1,L6 CT
CATAACGCACATAAAG-1,Vip
CATAACGTCAATCGTG-1,Macrophage
CATAACGTCGACTATG-1,L6 CT
CATGCCTCAAGAGATT-1,Endo
CATGCCTCACAAACAA-1,L5 PT
CATGCCTCATACCCGG-1,L2/3 IT
CATGCCTGTGATAAGT-1,Endo
CATGCCTTCCAATCCC-1,Pvalb
CATGCCTTCGGTAGGA-1,L4
CATGCCTTCTTGTGCC-1,Lamp5
CATGTTTAGACGAAAG-1,L6 IT
CATGTTTAGATGCGAC-1,Oligo
CATGTTTAGTATCTGC-1,L6 CT
CATGTTTCAAGTAACA-1,L6 CT
CATGTTTCAAGTGGCA-1,L2/3 IT
CATGTTTCACAAACGG-1,Oligo
CATGTTTCAGTAGTTC-1,L4
CATGTTTCATGATCGT-1,L4
CATGTTTGTACGACCC-1,L5 IT
CATGTTTGTATCCCTC-1,L6 IT
CATGTTTTCACCGCGA-1,Oligo
CATGTTTTCAGGCGCT-1,Sst
CATGTTTTCCGATTGA-1,Oligo
CATGTTTTCCGGCGAT-1,L5 PT
CATTCATCACCAAGGA-1,Vip
CATTCATCACGTGAAG-1,L5 PT
CATTCATCACTACACA-1,L2/3 IT
CATTCATCACTCGCAG-1,Lamp5
CATTCATCATCCCTTG-1,L5 IT
CATTCATTCCTTTGAT-1,L6b
CATTCATTCTAGTCGA-1,L2/3 IT
CATTCCGGTAACCATC-1,L2/3 IT
CATTCCGGTCATAAGA-1,L6 IT
CATTCCGGTGAGGGTT-1,Macrophage
CATTCCGTCAAGGCCC-1,L6 IT
CATTCCGTCACTCGGG-1,Macrophage
CATTCCGTCGTCTAGA-1,Astro
CATTGGAAGAAGCCTG-1,Lamp5
CATTGGAAGCCAGAAC-1,L6 IT
CATTGGAAGGTAAGCC-1,L6 CT
CATTGGACAGCACATT-1,L4
CATTGGACAGGAGCAT-1,Vip
CATTGGAGTGGAAGCT-1,L4
CCAATGAAGAACGTCG-1,Macrophage
CCAATGACACACATGT-1,Astro
CCAATGATCCCAGTAA-1,Peri
CCAATGATCGTTGTAG-1,Astro
CCACAGGAGATCCGAG-1,Macrophage
CCACAGGCAAGCAATA-1,VLMC
CCACAGGCATGTCCCT-1,L5 IT
CCACAGGGTGCAAGCA-1,L2/3 IT
CCACAGGTCACGTGTA-1,NP
CCACAGGTCTTGTGCC-1,L2/3 IT
CCACGTTAGAGAGGTA-1,L2/3 IT
CCACGTTCAATGGTCT-1,L2/3 IT
CCACGTTGTCGATTAC-1,Oligo
CCACGTTGTGCCGGTT-1,Macrophage
CCACGTTTCCCAGCGA-1,L4
CCACGTTTCCCTATTA-1,Oligo
CCAGAATAGAAGCCGT-1,L5 IT
CCAGAATAGCAACGGT-1,Oligo
CCAGAATAGGTAGGCT-1,L4
CCAGAATAGTGGACGT-1,Astro
CCAGAATCACACACAT-1,L2/3 IT
CCAGAATCACTGATTG-1,VLMC
CCAGAATCATCCGTAA-1,L4
CCAGAATGTTCTACCC-1,L4
CCAGAATTCACAAGCT-1,Vip
CCAGAATTCCACCTAC-1,Sst
CCAGAATTCGGTCGAC-1,Oligo
CCAGATAAGGATTAAC-1,Oligo
CCAGATAAGGGAAGCG-1,Macrophage
CCAGATAAGGTTAACA-1,L5 IT
CCAGATAAGGTTTCTG-1,Astro
CCAGATACACACTAGT-1,L2/3 IT
CCAGATAGTACTAGAA-1,L5 IT
CCAGATAGTAGTGATA-1,L2/3 IT
CCAGATAGTATCCCTC-1,Oligo
CCAGATATCCATCTAT-1,L5 IT
CCAGATATCGACCCGA-1,L2/3 IT
CCAGATATCTATAGGC-1,L2/3 IT
CCATACCAGACGAAAG-1,Oligo
CCATACCAGACGCCCT-1,Astro
CCATACCAGTGGGACT-1,L4
CCATACCCAGCAACCC-1,L2/3 IT
CCATACCTCCAGAATC-1,L6 CT
CCATACCTCGTTACAG-1,Oligo
CCATACCTCTGATCTT-1,L4
CCCACATAGACTAGCG-1,L5 IT
CCCACATAGATCTAAG-1,Oligo
CCCACATCACAAGTGG-1,Vip
CCCACATCACAGATGG-1,Oligo
CCCACATGTATTTGCG-1,L5 IT
CCCACATGTCAGCTTA-1,L2/3 IT
CCCACATGTGAATGGC-1,L4
CCCACATTCAGCCGAC-1,Lamp5
CCCACATTCTTGTCGC-1,Macrophage
CCCAGAGAGCACGTAG-1,L6 CT
CCCAGAGAGTGAAACT-1,L4
CCCAGAGAGTGTAATG-1,Astro
CCCAGAGCAACGTCGC-1,L4
CCCAGAGGTCAAATCC-1,L5 PT
CCCAGAGTCAAGAGGC-1,L6 CT
CCCAGAGTCTCCTTAA-1,L6b
CCCGTTAAGAGGTACC-1,Astro
CCCGTTAGTCATTGCA-1,Lamp5
CCCGTTAGTCTGTGTA-1,Oligo
CCCGTTAGTTCCCTTG-1,L6 CT
CCCGTTAGTTGTATCG-1,L4
CCCGTTATCTCAGATG-1,L2/3 IT
CCCTAACAGGCTTTAC-1,L6 CT
CCCTAACAGTCGTGAG-1,L5 PT
CCCTAACAGTGTCGCC-1,L5 IT
CCCTAACCAGTAGGCA-1,Oligo
CCCTAACGTGGCCTTG-1,Oligo
CCCTAACGTTGGCTTA-1,L5 PT
CCCTAACTCCAACAAC-1,L6 IT
CCCTAACTCCGAGAGA-1,Oligo
CCCTAGTAGCTGAATA-1,L5 IT
CCCTAGTCAAAGGCCA-1,L4
CCCTAGTCAGGGTAAC-1,L2/3 IT
CCCTAGTCATGTGAGG-1,Astro
CCCTAGTCATTGTGAC-1,Oligo
CCCTAGTGTCGCTAGC-1,L6 CT
CCCTAGTGTGTCGTGC-1,Sst
CCCTAGTGTTGAATAG-1,Oligo
CCCTCTCAGCTATCGT-1,L4
CCCTCTCAGGCTCCTG-1,L6 IT
CCCTCTCGTAACCGAG-1,Oligo
CCCTCTCTCATTCATC-1,Pvalb
CCCTCTCTCGCGGCAT-1,L5 IT
CCCTCTCTCGCTAGTA-1,L6b
CCCTCTCTCTCCTTGG-1,Oligo
CCCTGATAGTCAGGAC-1,L6 IT
CCCTGATAGTCCGTGC-1,L6 CT
CCCTGATAGTGTCGCC-1,Astro
CCCTGATTCATCGCAA-1,L6 CT
CCGAAGCAGCGCCTAC-1,L2/3 IT
CCGAAGCCACTCGTGG-1,Astro
CCGAAGCCATGCGCTG-1,L2/3 IT
CCGAAGCGTGCACTTA-1,Astro
CCGCATTAGGAACCGT-1,Lamp5
CCGCATTCACGATTAC-1,L6 CT
CCGCATTTCACTTACT-1,L6 IT
CCGCATTTCGAGGTAG-1,Endo
CCGCATTTCGATCTTT-1,L6b
CCGTACTGTAACACTC-1,L6 CT
CCGTACTGTAACCATC-1,Oligo
CCGTAGGAGATCTAAG-1,Oligo
CCGTAGGAGCGAATAT-1,Macrophage
CCGTAGGCACATGATC-1,L6 IT
CCGTAGGGTAGAAGCC-1,L2/3 IT
CCGTAGGGTTCAGAAA-1,L4
CCGTGAGAGCAGAAAG-1,L2/3 IT
CCGTGAGAGTATGCTC-1,Oligo
CCGTGAGAGTTCCCGG-1,Oligo
CCGTGAGCACTGCTTC-1,L6 CT
CCGTGAGTCCACGGCA-1,L4
CCGTGAGTCCTCCCAA-1,Macrophage
CCGTGAGTCGTTACAG-1,L2/3 IT
CCTAAAGAGTCCAGAG-1,Astro
CCTAAAGAGTTACCAC-1,Astro
CCTAAAGAGTTTACGC-1,Vip
CCTAAAGCAAGTGGCA-1,Oligo
CCTAAAGCAATGACTC-1,L4
CCTAAAGGTAGGGTCA-1,L6 IT
CCTAAAGGTATCTGCA-1,L4
CCTAAAGGTTATCGAC-1,Lamp5
CCTAAAGTCAGATACC-1,Macrophage
CCTAAAGTCCAAACCA-1,Oligo
CCTAAAGTCCAGCACG-1,Pvalb
CCTAAAGTCCTATCCG-1,Macrophage
CCTATTAAGAACTAAC-1,L6 IT
CCTATTAAGTACCACT-1,Oligo
CCTATTACACGCTAAT-1,Lamp5
CCTATTACAGATACAA-1,Oligo
CCTATTAGTTAGGCTT-1,L6b
CCTCCCTAGGCTCAGA-1,Sst
CCTCCCTAGTACGCGA-1,Macrophage
CCTCCCTCAAGGCTTT-1,Astro
CCTCCCTCATAGTCCA-1,L2/3 IT
CCTCCCTGTCGATTAC-1,Pvalb
CCTCCCTTCCAGAGAG-1,L6 CT
CCTCCCTTCCTATCCG-1,L6 CT
CCTCCCTTCGATGCAT-1,Astro
CCTGCTAGTTCCAATG-1,L4
CCTGCTATCCCAATGA-1,Oligo
CCTGCTATCCTAAAGC-1,Astro
CCTGGGAAGGTTCGTT-1,Macrophage
CCTGGGAAGTACAACA-1,L4
CCTGGGACAATTCGTG-1,Pvalb
CCTGGGACACATGATC-1,L6 CT
CCTGGGACATCATGTG-1,L2/3 IT
CCTGGGAGTAACGTAA-1,L4
CCTGGGAGTTCTACCC-1,L2/3 IT
CCTGGGATCATTGCCC-1,Oligo
CCTGGGATCCGCGATG-1,Lamp5
CCTGGGATCGCCAGAC-1,L5 IT
CCTTAATCAAAGCTGG-1,Astro
CCTTAATCAAGGCTTT-1,Astro
CCTTAATCAATGGTCT-1,L4
CCTTAATGTATCTCAG-1,L6 CT
CCTTAATGTCTGGGAA-1,Oligo
CCTTAATGTTGAATAG-1,L6 CT
CCTTAATTCCTATCAT-1,L5 IT
CCTTGCAAGAAATTCG-1,Astro
CCTTGCAAGCGTCTGC-1,Astro
CCTTGCAAGTACCCAT-1,Oligo
CCTTGCACAAGGATGC-1,L6 IT
CCTTGGTAGAGATTAC-1,L2/3 IT
CCTTGGTAGGGTCCCT-1,L4
CCTTGGTAGTTGGAAT-1,L4
CCTTGGTCACAGTTAC-1,Endo
CCTTGGTCAGCGTAGA-1,L2/3 IT
CCTTGGTCAGGTGTCC-1,L2/3 IT
CCTTGGTGTTACTTTC-1,L5 IT
CCTTGGTTCCTCATTA-1,L4
CCTTGGTTCTGATCTT-1,Astro
CGAGTTACACCGAAAG-1,L6 IT
CGAGTTAGTGATAGAT-1,L2/3 IT
CGAGTTAGTGATCAGG-1,L2/3 IT
CGATGATAGATCGAGC-1,L6b
CGATGATAGTCACGCC-1,NP
CGATGATCAAACTACC-1,L2/3 IT
CGATGATCAAAGGCCA-1,Lamp5
CGATGATCAGCCGAAA-1,Vip
CGATGATCAGTTCGGC-1,Lamp5
CGATGATTCCCGCAAG-1,L4
CGATGATTCTCGACCT-1,VLMC
CGATGATTCTTGTACT-1,L5 IT
CGCAATAAGAACCCGA-1,L2/3 IT
CGCAATAAGCAATAAC-1,Pvalb
CGCAATACAAGACTAA-1,Astro
CGCAATACACTTATGG-1,Pvalb
CGCAATACAGTAACTC-1,L2/3 IT
CGCAATAGTTTCGATG-1,Oligo
CGCAATATCGAACACT-1,L5 PT
CGCAATATCGCGTGAC-1,L2/3 IT
CGCAATATCTGTAGAC-1,L2/3 IT
CGCACAGAGGTTGACG-1,L4
CGCACAGCAAAGCATA-1,Oligo
CGCACAGCAGATTTGC-1,Oligo
CGCACAGCAGGCATTT-1,Sst
CGCACAGGTAATGCCT-1,Pvalb
CGCACAGGTCAACGGA-1,L5 IT
CGCACAGGTCAGACGA-1,Pvalb
CGCACAGGTCGTCGCA-1,L4
CGCACAGGTTTAGAAG-1,Pvalb
CGCACAGTCAATTGGC-1,L4
CGCACAGTCATTCATC-1,L4
CGCACAGTCCCTACCA-1,L2/3 IT
CGCACAGTCCGAATTG-1,L6b
CGCACAGTCTATTTCG-1,L4
CGCACAGTCTTACCTA-1,Oligo
CGCAGGTAGAGAGTAG-1,L6 CT
CGCAGGTAGCGAGAAA-1,NP
CGCAGGTAGGGCATTG-1,Oligo
CGCAGGTAGTCAGCCC-1,Pvalb
CGCAGGTAGTTTACGC-1,L6b
CGCAGGTGTCAACAGG-1,L6 CT
CGCAGGTGTGGTTCTA-1,L4
CGCAGGTTCGCTTCAC-1,L6 IT
CGCGCAAAGGCGCTTC-1,L4
CGCGCAAAGTGCCCTG-1,Macrophage
CGCGCAACAGTAGTCT-1,L2/3 IT
CGCGCAATCGAAGCCC-1,L2/3 IT
CGCTAGGAGCTCGTTA-1,L6 IT
CGCTAGGAGTCATCTG-1,L6b
CGCTAGGCAAACTACC-1,L2/3 IT
CGCTAGGCAAAGAAGG-1,Pvalb
CGCTAGGCAATCCATG-1,L6 CT
CGCTAGGGTCGAGAAC-1,L6 CT
CGCTAGGTCGGTTGTA-1,Macrophage
CGCTATCAGAGTTTGA-1,L2/3 IT
CGCTATCAGTTGGAAT-1,L2/3 IT
CGCTATCCAGACTAAA-1,L6 CT
CGCTATCCAGCAACGA-1,L6 IT
CGCTATCGTCTCTGGG-1,Lamp5
CGCTATCGTGAATGTA-1,L2/3 IT
CGCTATCTCCTCCATG-1,L2/3 IT
CGCTATCTCGTGCTGG-1,L4
CGCTGGAAGTACCCAT-1,L2/3 IT
CGCTGGACAAGGGAGG-1,Astro
CGCTGGACATCCATAG-1,Astro
CGCTGGACATTAGCAC-1,L2/3 IT
CGCTGGATCCGAGGAA-1,L6 CT
CGCTGGATCTTAACGG-1,Astro
CGGACCAAGAGGAAGT-1,Macrophage
CGGACCAAGGAGTACC-1,L2/3 IT
CGGACCAAGTGTCCCG-1,L2/3 IT
CGGACCACAAGGCGTA-1,Astro
CGGACCACACATTGCA-1,Vip
CGGACCACATGGCCCA-1,L5 IT
CGGACTGAGATGAGGA-1,L6 CT
CGGACTGAGATGCGAC-1,L6 CT
CGGACTGCAGTTACAC-1,Macrophage
CGGACTGGTTTAGACC-1,NP
CGGACTGTCGGAGTTT-1,Macrophage
CGGTGCAAGGATTGAT-1,Lamp5
CGGTGCACAAAGGAAG-1,L4
CGGTGCACAAGGACCA-1,L5 PT
CGGTGCAGTCCAAGAG-1,L6 IT
CGGTGCAGTGTGAGGT-1,L5 IT
CGGTGCATCGACGGAA-1,L4
CGTAAACAGACCATAA-1,Astro
CGTAAACAGACTTCCA-1,L4
CGTAAACCACGGTTAT-1,Lamp5
CGTAAACCACTAGCCG-1,L2/3 IT
CGTAAACGTATTCACG-1,Pvalb
CGTAAACGTCTGCACG-1,Oligo
CGTAAACGTTAGCTCA-1,L2/3 IT
CGTAAACTCAACACGT-1,L4
CGTAAACTCATCATGG-1,L2/3 IT
CGTAAACTCCCTATTA-1,L6b
CGTACAAAGAATCAAC-1,Oligo
CGTACAAAGACAACGC-1,Astro
CGTACAAAGAGACTCG-1,L2/3 IT
CGTACAAAGTAACATG-1,Astro
CGTACAAAGTCAGCCC-1,Oligo
CGTACAACAACGCACC-1,L6 CT
CGTACAACACTCAAGT-1,L4
CGTACAACATAGCCAT-1,L2/3 IT
CGTACAACATCTCACC-1,Astro
CGTACAACATTTGTTC-1,L5 IT
CGTACAAGTGTCGTGC-1,Oligo
CGTACAATCTGGTACA-1,L6 IT
CGTGGCAAGGTTCGTT-1,L2/3 IT
CGTGGCACAGAACTTC-1,L6 CT
CGTGGCACAGGCTACC-1,Astro
CGTGGCACATCATCGA-1,Oligo
CGTGGCAGTAAACGGC-1,L4
CGTGGCAGTAGCGGTA-1,Oligo
CGTGGCAGTCATAAGA-1,L4
CGTGGCATCATTCTTG-1,L4
CGTTCCAGTCTGAGCC-1,L6 IT
CGTTCCAGTTAGAGAT-1,Macrophage
CTAACTTAGCAATGTA-1,NP
CTAACTTAGGCCTCGT-1,Sst
CTAACTTCATGGCCCA-1,L2/3 IT
CTAACTTGTCCGGTAC-1,Oligo
CTAACTTTCCATTGAG-1,Astro
CTACAGAAGATCGCCC-1,L4
CTACAGACAAACGTTC-1,Oligo
CTACAGACAAGCCTTA-1,Macrophage
CTACAGACACGATATC-1,Vip
CTACAGACAGAACTTC-1,L4
CTACAGACATATTGGC-1,L2/3 IT
CTACAGAGTCCAACCG-1,Vip
CTACAGAGTCCCTAAA-1,L5 IT
CTACAGAGTTAACCGT-1,L4
CTACAGAGTTGGAGGT-1,Oligo
CTACAGATCGAGCGCT-1,L2/3 IT
CTACAGATCGCTTGAA-1,Oligo
CTACTTAAGGGTTCCC-1,L4
CTACTTAGTCGACTGC-1,Oligo
CTACTTAGTGCACTTA-1,Astro
CTACTTAGTTCCGCGA-1,L6 IT
CTACTTAGTTGCTTGA-1,L6 IT
CTAGCGGAGTCAGCCC-1,Oligo
CTAGCGGCAAAGCTGG-1,Oligo
CTAGCGGGTAAACCCT-1,Oligo
CTAGCGGGTAGAAAGG-1,L2/3 IT
CTAGCGGGTAGCATGG-1,Oligo
CTAGGATGTATCTAGC-1,L2/3 IT
CTAGGATTCCAGTACA-1,L2/3 IT
CTAGGATTCTCCTTGG-1,Meis2
CTAGGATTCTCTGAGA-1,L2/3 IT
CTAGGATTCTGTTTAC-1,L6 CT
CTAGGGCAGTTAGCAA-1,Macrophage
CTAGGGCCACTTTGGA-1,Oligo
CTAGGGCCATCACAGT-1,Oligo
CTAGGGCTCCAATAGC-1,Pvalb
CTAGGGCTCTGACATG-1,Oligo
CTAGGGCTCTTGTCGC-1,L4
CTCAACCAGGATCCTT-1,L4
CTCAACCAGTTCGACT-1,L2/3 IT
CTCAACCGTTCCGCGA-1,L5 IT
CTCAACCGTTGGACGA-1,L2/3 IT
CTCAACCTCACCCGGA-1,L2/3 IT
CTCAACCTCGAGGTCC-1,L2/3 IT
CTCAACCTCGATCGCG-1,L2/3 IT
CTCAACCTCGGAGTTT-1,Oligo
CTCAACCTCTATAGGC-1,L2/3 IT
CTCACCAAGGGCTTCC-1,Astro
CTCACCACAATGGCTT-1,L4
CTCACCACACCGATCG-1,L6b
CTCACCACATGTGGGA-1,Sst
CTCACCAGTACGTAAA-1,L5 IT
CTCACCAGTAGACGCA-1,Oligo
CTCACCATCCGTGCGA-1,L2/3 IT
CTCACCATCCTGAAAC-1,L4
CTCACCATCGCTCTAC-1,L2/3 IT
CTCACCATCTAGTCGA-1,L6 CT
CTCAGAAAGTACTCTG-1,Oligo
CTCAGAAAGTCGGGAT-1,Oligo
CTCAGAAAGTGAAGGA-1,L6 CT
CTCAGAACAAGCCTTA-1,Oligo
CTCAGAACATTTCACT-1,L4
CTCAGAAGTGCTAGTT-1,L5 IT
CTCAGAAGTTGGCTAT-1,L2/3 IT
CTCAGCTCAAGGTCGA-1,Macrophage
CTCAGCTGTAAACGTA-1,Astro
CTCAGCTGTTACGCTA-1,L5 IT
CTCAGCTGTTACGGAG-1,L4
CTCAGCTTCTCGGCGA-1,Oligo
CTCATGCAGCAACTGG-1,Oligo
CTCATGCAGTTTACGC-1,VLMC
CTCATGCCACAAACAA-1,Oligo
CTCATGCCACGACGAA-1,L6 IT
CTCATGCGTGGTCGAA-1,Sst
CTCATGCGTTTAAGCC-1,Astro
CTCATGCTCCATTGTT-1,L4
CTCATGCTCGATGTAC-1,L4
CTCATGCTCTCGGCGA-1,L5 PT
CTCCCAAAGCGGACAT-1,Astro
CTCCCAAAGCGTCTGC-1,Oligo
CTCCCAAAGCTCCGGT-1,VLMC
CTCCCAAAGGGCTCTC-1,L2/3 IT
CTCCCAAAGTAATCAG-1,Oligo
CTCCCAAAGTGCCCTG-1,L5 IT
CTCCCAAGTCCTTCAC-1,Oligo
CTCCCAAGTTCTGAGT-1,L4
CTCCCAAGTTTGCCCT-1,Oligo
CTCCCAATCAAAGTAG-1,Macrophage
CTCCCAATCAGATACC-1,Oligo
CTCCCAATCGCGATGC-1,L2/3 IT
CTCGCTAAGATTACGA-1,Oligo
CTCGCTACAGGAGCAT-1,L6 CT
CTCGCTATCACATTCT-1,Macrophage
CTCTACGAGATCGCCC-1,L4
CTCTACGAGATGCGAC-1,L4
CTCTACGAGCTATCGT-1,Oligo
CTCTACGAGGAGAACA-1,L4
CTCTACGAGGATCCTT-1,L2/3 IT
CTCTACGAGTGTCGGA-1,L6 CT
CTCTACGCAAGGAACC-1,L6b
CTCTACGGTCGTAATC-1,Oligo
CTCTACGTCCGGAAAG-1,Oligo
CTCTACGTCGATCGCG-1,L6 CT
CTCTACGTCTAGTCGA-1,L5 IT
CTCTACGTCTTGTCAT-1,Meis2
CTCTAGCAGGCTTAAA-1,L6 IT
CTCTAGCAGTATACCC-1,L6 CT
CTCTAGCCACAGATGG-1,Oligo
CTCTAGCGTATCATGC-1,Oligo
CTCTAGCGTGATAGAT-1,L2/3 IT
CTCTAGCGTGCCCTAG-1,Oligo
CTCTAGCTCACTTACT-1,L4
CTCTAGCTCGTTTGAG-1,L2/3 IT
CTCTCAGAGATCTAAG-1,Oligo
CTCTCAGTCCAGGCCA-1,Macrophage
CTCTCAGTCCTTACGC-1,Oligo
CTCTCAGTCTGGCACG-1,Oligo
CTCTCGAAGGCCTCTG-1,L4
CTCTCGACAAGGCTTT-1,L4
CTCTCGACACTCGCAG-1,L4
CTCTCGACATCGCTAA-1,L6 IT
CTCTCGAGTAGCTGTT-1,Oligo
CTCTCGAGTAGGGTTG-1,Sst
CTCTCGAGTATGGTTC-1,L2/3 IT
CTCTCGAGTGGACAGT-1,Astro
CTCTCGATCTGGCCAG-1,Macrophage
CTGAATGAGATCGCCC-1,Pvalb
CTGAATGAGTTTACGC-1,Vip
CTGAATGCACAGGAAC-1,Oligo
CTGAATGCACCGTTGG-1,Astro
CTGAATGGTAGCAGGT-1,Lamp5
CTGAATGGTATTGTGC-1,L2/3 IT
CTGAATGGTCAAGACG-1,L4
CTGAATGGTCCGAGCT-1,L2/3 IT
CTGAATGTCAGGATCT-1,L5 IT
CTGAATGTCGGATAAA-1,L4
CTGCGTTAGTAATCAG-1,L4
CTGCGTTCAATGATGA-1,Astro
CTGCGTTCAGCAACCC-1,L2/3 IT
CTGCGTTCAGCGCGTT-1,L4
CTGCGTTGTATCTGCA-1,L6 CT
CTGCGTTGTGACGCAA-1,L5 PT
CTGCGTTGTGATTCCA-1,Oligo
CTGCGTTTCTGATCTT-1,Oligo
CTGCTCAAGAACGTTA-1,L4
CTGCTCAAGCACGTAG-1,L2/3 IT
CTGCTCACAAGCTTTG-1,L4
CTGCTCAGTAACCATC-1,L2/3 IT
CTGCTCAGTTCGGGAA-1,L5 IT
CTGGCAGAGGCGTCCT-1,L6 CT
CTGGCAGAGGGTGTTG-1,L6 CT
CTGGCAGCAACAAACA-1,Sst
CTGGCAGCAAGCCAGA-1,L4
CTGGCAGCAATGTGCT-1,L2/3 IT
CTGGCAGCACACATGT-1,L5 IT
CTGGCAGGTAGCATGG-1,Macrophage
CTGGCAGGTAGCCATT-1,L5 IT
CTGGCAGGTGATGTGG-1,L4
CTGGCAGGTTCATTTC-1,L5 IT
CTGGCAGTCCATACGA-1,L4
CTGGGACAGCCCATGC-1,L4
CTGGGACCACTCAGCG-1,Astro
CTGGGACCATCCTGGG-1,Astro
CTGGGACCATTACTTC-1,L4
CTGGGACGTAGTTTGC-1,Oligo
CTGGGACGTCCGCTTT-1,L4
CTGGGACTCAAGAGGC-1,Astro
CTGGGACTCTCTGTTA-1,L4
CTGTATTAGTCCGGAA-1,Lamp5
CTGTATTCACAGCTTA-1,L5 IT
CTGTATTCACGCGCAT-1,Oligo
CTGTATTGTATGTCCA-1,L4
CTGTATTGTTAGAGAT-1,Macrophage
CTGTATTGTTTGTACG-1,L4
CTGTATTTCTTCTTCC-1,L6 CT
CTGTTCGGTATGCTAC-1,Oligo
CTTAATCAGCGTTAGG-1,L6 IT
CTTAATCAGCTTACCA-1,L4
CTTAATCAGTTACACC-1,L6 CT
CTTAATCCAATGATGA-1,L6 CT
CTTAATCCAGGGTACA-1,L4
CTTAATCGTGATAACA-1,L4
CTTAATCGTTGGAGGT-1,Pvalb
CTTCCAGAGATGGCAC-1,Oligo
CTTCCAGAGGTCGTTT-1,Astro
CTTCCAGAGTTGCCGC-1,L2/3 IT
CTTCCAGCAAGTAATG-1,Astro
CTTCCAGCAATGTGCT-1,L5 IT
CTTCCAGCAATTCAGC-1,Vip
CTTCCAGCACAGTTCA-1,Astro
CTTCCAGCACTTACAG-1,L5 IT
CTTCCAGCAGCTTACA-1,L6 CT
CTTCCAGCATCAGCTA-1,Astro
CTTCCAGGTCAACGGA-1,Peri
CTTCCAGGTCATAGAA-1,Oligo
CTTCCAGGTTTGTCTT-1,L4
CTTCCAGTCGATATGC-1,Pvalb
CTTCCAGTCGGATAAA-1,Oligo
CTTCTAAAGAAATGGG-1,Astro
CTTCTAAAGCAACTGG-1,L4
CTTCTAAAGCGATACG-1,L2/3 IT
CTTCTAACACAAGGGT-1,Macrophage
CTTCTAACATCCCTCA-1,L4
CTTCTAAGTTATAGAG-1,Oligo
CTTCTAATCATCGCCT-1,L2/3 IT
CTTCTAATCGAGTTAC-1,L6 CT
CTTCTAATCTATCTCA-1,L5 IT
CTTCTAATCTGAAAGA-1,Oligo
CTTGAAGAGGGTCCCT-1,L4
CTTGAAGAGGTTAACA-1,L2/3 IT
CTTGAAGAGGTTCTCA-1,Pvalb
CTTGAAGGTCACCCGA-1,Pvalb
CTTGAAGGTCGGCTGT-1,L2/3 IT
CTTGAAGTCGTTACAG-1,Astro
CTTGAAGTCTCTGAGA-1,Lamp5
CTTGAAGTCTTCCACG-1,Astro
CTTGAAGTCTTGGCCT-1,L4
CTTGCCAAGAGCCTGA-1,L4
CTTGCCAAGATTCCGT-1,L2/3 IT
CTTGCCAAGTAGACCG-1,L5 PT
CTTGCCAAGTTCAACC-1,Astro
CTTGCCAGTAAGTCTC-1,L2/3 IT
CTTGCCAGTCAGAAGC-1,L6 CT
CTTGCCAGTTGCCGCA-1,L2/3 IT
CTTGCCAGTTTGTACG-1,Pvalb
CTTGCCATCCATTGAG-1,Oligo
CTTGCCATCGCTTCAC-1,Astro
CTTGCTGAGTAGTTCC-1,L2/3 IT
CTTGCTGCACTTGCGG-1,L6 IT
CTTGCTGCATGTGAGG-1,Oligo
CTTGCTGGTAAGCCGA-1,L4
CTTGCTGGTACGGAGT-1,L2/3 IT
CTTGCTGGTACTAGAA-1,Macrophage
CTTGCTGGTTTGTGAC-1,Astro
CTTGCTGTCCGGACTG-1,Vip
CTTGCTGTCGGTAGGA-1,L6b
CTTGTCGAGCACACCC-1,Macrophage
CTTGTCGAGCCTTTGA-1,Astro
CTTGTCGAGCTTCAAC-1,Astro
CTTGTCGAGTCTCTAG-1,Oligo
CTTGTCGCAGCGTACC-1,L4
CTTGTCGGTATCATGC-1,L5 IT
CTTGTCGGTCAGCAAG-1,Sncg
CTTGTCGGTGAATGTA-1,Astro
CTTGTCGTCGAACACT-1,L4
CTTGTCGTCGTCAACA-1,L6 IT
CTTTGCGAGCTATCGT-1,L6 CT
CTTTGCGAGTCGCCTG-1,L6 CT
CTTTGCGAGTCTCCAA-1,L6 CT
CTTTGCGCAAGTCTCA-1,L4
CTTTGCGCACTTACAG-1,L2/3 IT
CTTTGCGCAGTTGGAG-1,L6 CT
GAAACAAAGAGAGTAG-1,Macrophage
GAAACAAAGTAACACA-1,Meis2
GAAACAAAGTCACACT-1,L4
GAAACAAAGTGAAGGA-1,L4
GAAACAAAGTGTCGCC-1,Oligo
GAAACAACACAGCTTA-1,Macrophage
GAAACAACATCAGAAA-1,L6 CT
GAAACAATCCCGAAGC-1,Oligo
GAAACAATCCGCCTAT-1,Pvalb
GAAACAATCGAGGTCC-1,L5 IT
GAAACAATCGCAAACT-1,L2/3 IT
GAAACAATCTTCACTA-1,L2/3 IT
GAAAGTAAGACCAATA-1,L5 IT
GAAAGTAAGATGGCAC-1,Astro
GAAAGTACAAATTCCG-1,L4
GAAAGTACACTGTAAC-1,Macrophage
GAAAGTACATCACAGT-1,Sst
GAAAGTAGTGTTAGAA-1,Oligo
GAAAGTATCACAAGCT-1,Macrophage
GAAATGAAGATCACCT-1,Macrophage
GAAATGACAACAACTC-1,L2/3 IT
GAAATGACAACTCCCT-1,L4
GAAATGACACAAACAA-1,L2/3 IT
GAAATGACATACAACC-1,Oligo
GAAATGAGTATTTGCG-1,L2/3 IT
GAAATGAGTTTGCATG-1,L4
GAAATGAGTTTGCCAA-1,Macrophage
GAAATGATCAAACCCA-1,L6 CT
GAAATGATCTCGACCT-1,L6 IT
GAACCGCCAACGTCGC-1,L6 CT
GAACCGCCAAGACACG-1,L2/3 IT
GAACCGCCACACATTG-1,Oligo
GAACCGCCACTACACA-1,L2/3 IT
GAACCGCGTCAACTAC-1,L6 IT
GAACCGCGTGCGCATC-1,Macrophage
GAACCGCTCCTCTCTT-1,Pvalb
GAACCGCTCGCGGCAT-1,Peri
GAACCTAGTGATGTGG-1,L4
GAACCTATCCGGGCAT-1,Macrophage
GAACCTATCGGTCTCT-1,L4
GAACGTTAGATATGAC-1,L6 IT
GAACGTTAGATGAGGA-1,L2/3 IT
GAACGTTCATCGCTAA-1,L6 CT
GAACGTTGTAGCATGG-1,L2/3 IT
GAACGTTGTTTGGATC-1,L6 IT
GAACGTTTCAGAACGG-1,L2/3 IT
GAACGTTTCAGAGTGG-1,Pvalb
GAACGTTTCGGACGAA-1,Astro
GAACTTGAGGAGTCTG-1,L5 IT
GAACTTGCAACGTACT-1,Vip
GAACTTGGTACGTATC-1,Lamp5
GAACTTGGTGCAAGCA-1,Oligo
GAACTTGTCGCCAGAC-1,Oligo
GAACTTGTCGTCGCAG-1,Vip
GAAGAGCAGCGCATTT-1,Astro
GAAGAGCAGTTACACC-1,Oligo
GAAGAGCCATCACAGT-1,Macrophage
GAAGAGCCATGGCCTG-1,L2/3 IT
GAAGAGCGTAAAGCTA-1,Oligo
GAAGAGCGTACCGGCT-1,L2/3 IT
GAAGAGCGTAGACACG-1,L4
GAAGAGCGTAGTACAA-1,L4
GAAGAGCGTAGTCTGT-1,L4
GAAGAGCGTTTGTACG-1,Oligo
GAAGAGCTCGCAAGCC-1,L5 PT
GAAGTCTAGGCTTAAA-1,L5 PT
GAAGTCTGTAACACTC-1,L6 IT
GAAGTCTGTATGTTCG-1,L4
GAAGTCTGTATTCGCA-1,L6 IT
GAAGTCTGTGGTGGTA-1,L6 IT
GAAGTCTGTTCTTAGG-1,L2/3 IT
GAAGTCTTCCCGCAAG-1,Lamp5
GAAGTCTTCGGGATCC-1,L5 PT
GAAGTGGAGCTCCGGT-1,Oligo
GAAGTGGAGCTTACCA-1,L2/3 IT
GAAGTGGAGTGTCCCG-1,Macrophage
GAAGTGGGTATTCGAC-1,Macrophage
GAAGTGGTCCGTGCGA-1,Macrophage
GAAGTGGTCGAGGCTC-1,Astro
GAATCTGAGAATCAGT-1,L5 PT
GAATCTGAGCAGAATT-1,Oligo
GAATCTGAGGGACGTT-1,L6 CT
GAATCTGCAAACCCTA-1,Pvalb
GAATCTGCATCAACTG-1,L6 CT
GAATCTGCATTCACCC-1,L6 CT
GAATCTGGTACGGATG-1,L6 CT
GAATCTGGTGTCCAGC-1,Astro
GAATCTGGTGTCGTCG-1,L5 PT
GAATCTGTCAATCGTG-1,Oligo
GAATCTGTCCAACAAC-1,L2/3 IT
GACCCAGAGAGCTCCC-1,Meis2
GACCCAGAGGAGAACA-1,Oligo
GACCCAGCACCATTCC-1,L6 IT
GACCCAGCAGCAACGA-1,Oligo
GACCCAGCATATACGC-1,Pvalb
GACCCAGGTATTCGCA-1,L2/3 IT
GACCCAGGTTCAGTTG-1,L2/3 IT
GACCCAGTCGCACCTT-1,L2/3 IT
GACCCAGTCGTGGCGT-1,Pvalb
GACCGACAGGCGACTA-1,L6 IT
GACCGACCACGTGAAG-1,Lamp5
GACCGACCATATAGAG-1,Sst
GACCGACCATTTCACT-1,Macrophage
GACCGACGTAGTGATA-1,L2/3 IT
GACCGACGTATTTGCG-1,Lamp5
GACCGACGTCACCCGA-1,Macrophage
GACCGACGTCCAACCG-1,L4
GACCGACGTTTAGGAA-1,L6 IT
GACCGACTCCCTATTA-1,Astro
GACCGACTCGCTTCAC-1,L5 IT
GACCTTCAGCGTCTGC-1,L4
GACCTTCAGTCGAAAT-1,L2/3 IT
GACCTTCAGTGTCCCG-1,Oligo
GACCTTCCAAACGACG-1,L2/3 IT
GACCTTCCACATATCG-1,L4
GACCTTCCACCGAAAG-1,L2/3 IT
GACCTTCCAGAACAGC-1,Peri
GACCTTCGTAACGTAA-1,L5 IT
GACCTTCGTGCAGACA-1,L6 CT
GACCTTCGTTCTACCC-1,L2/3 IT
GACCTTCTCGAGGTCC-1,L5 IT
GACTAACAGCCATTCA-1,L6 CT
GACTAACCACCTCGTT-1,L5 PT
GACTAACGTACCTATG-1,Lamp5
GACTAACGTCCCGAGT-1,L4
GACTAGTAGCTATCGT-1,L6 CT
GACTAGTAGTTGAATG-1,L2/3 IT
GACTAGTCACCGATCG-1,Vip
GACTAGTCAGCACATT-1,L6 IT
GACTAGTGTGACGCAA-1,Macrophage
GACTAGTTCCTAAGTG-1,L2/3 IT
GACTAGTTCGTGCTGG-1,L4
GAGAACGAGTACGCGA-1,L5 IT
GAGAACGAGTCGTATC-1,Sst
GAGAACGCAAGGGAGG-1,L6 CT
GAGAACGCAGATGGCA-1,L6 IT
GAGACTTAGGACTAGC-1,L6 IT
GAGACTTCAAGCTTTG-1,L4
GAGACTTCATCCGTGG-1,L4
GAGACTTCATGGCCGT-1,L6 CT
GAGACTTTCAGTACAC-1,L2/3 IT
GAGATTCAGCTAGTTC-1,L2/3 IT
GAGATTCCACAATAAG-1,L6 IT
GAGATTCTCTATCTTG-1,Astro
GAGCATTAGACGAAAG-1,L2/3 IT
GAGCATTAGGCGATTG-1,L4
GAGCATTAGGTGTTGG-1,Astro
GAGCATTAGTTAGCGG-1,L6 CT
GAGCATTGTCCTTCAC-1,Oligo
GAGCATTGTTCTGATG-1,Pvalb
GAGCATTGTTTGAAGA-1,L2/3 IT
GAGCATTTCGTGTGCG-1,L4
GAGCGCTAGGGTCCCT-1,L6 CT
GAGCGCTAGTCGACCC-1,L6 IT
GAGCGCTCAAGCGAAC-1,L6b
GAGCGCTGTCTAAAGA-1,Peri
GAGCGCTGTCTCAAAC-1,Macrophage
GAGCGCTGTTCAGAAA-1,L6 CT
GAGCGCTTCGACTTAG-1,Vip
GAGGATGAGCTATCGT-1,L4
GAGGATGCAAAGAGAG-1,Astro
GAGGATGCAAGAAACT-1,Oligo
GAGGATGCATCCATAG-1,Vip
GAGGATGTCCTGTGGG-1,L2/3 IT
GAGGATGTCGTGCTTC-1,Lamp5
GAGGCTCAGAGGAATG-1,L4
GAGGCTCAGCGCCTAC-1,Oligo
GAGGCTCAGGTCACTT-1,Astro
GAGGCTCAGTCAGCCC-1,Astro
GAGGCTCCACATATCG-1,L6 IT
GAGGCTCGTAAGGTCG-1,L2/3 IT
GAGGCTCGTAGCAGGT-1,L5 IT
GAGGCTCGTGTCCCAG-1,L6 CT
GAGGCTCGTTGTATCG-1,Oligo
GAGGTCCAGAGGAAGT-1,L2/3 IT
GAGGTCCAGGTTGTGG-1,L6 IT
GAGGTCCCAAAGCTTC-1,L6 IT
GAGGTCCCAGAGATGC-1,L4
GAGGTCCCAGCGTACC-1,L2/3 IT
GAGGTCCCAGTGGTCC-1,L2/3 IT
GAGGTCCGTCGCTAGC-1,L2/3 IT
GAGGTCCGTTGCCTGG-1,L6 CT
GAGGTCCGTTTGCATG-1,L2/3 IT
GAGGTCCTCACACGTA-1,L2/3 IT
GAGGTCCTCACAGGGA-1,L4
GAGGTCCTCCAGGCCA-1,Oligo
GAGGTCCTCCCAATGA-1,Oligo
GAGGTCCTCGTTCAGA-1,L2/3 IT
GAGTGAGAGGTAGGAA-1,L2/3 IT
GAGTGAGCAACGCACC-1,L4
GAGTGAGCAAGACTAA-1,Pvalb
GAGTGAGCAGCAACAG-1,Astro
GAGTGAGGTAAACCCT-1,L5 PT
GAGTGAGGTCATAAGA-1,Macrophage
GAGTGAGTCGATCGCG-1,L6 IT
GAGTGAGTCGTGTGCG-1,Endo
GATCATGAGAAACGCC-1,Astro
GATCATGGTGGAAGCT-1,L2/3 IT
GATCATGGTTAACTCG-1,L2/3 IT
GATCATGGTTGGGAAC-1,L2/3 IT
GATCATGTCCCTACCA-1,L4
GATCATGTCGGGATCC-1,L5 IT
GATCATGTCTTCCACG-1,L6 CT
GATCGTAAGAGGCGGA-1,Astro
GATCGTAGTGCCGGTT-1,Lamp5
GATCGTAGTGCTTCCT-1,Macrophage
GATCGTAGTGGATTCT-1,L5 IT
GATCGTAGTTCGGGAA-1,L4
GATCGTAGTTCTTTGT-1,L5 IT
GATGATCAGATCCGAG-1,NP
GATGATCCACTCGCAG-1,L2/3 IT
GATGATCCATTGCCTC-1,Oligo
GATGATCGTGCACCCA-1,L5 IT
GATGATCGTTGCAGAG-1,L2/3 IT
GATGATCGTTTCTACT-1,Macrophage
GATGATCTCAGGATCT-1,Oligo
GATGATCTCCAGGTAT-1,Oligo
GATGATCTCTTAAGCG-1,L4
GATGGCCAGGGAAATG-1,L6 CT
GATGGCCAGGGAAGCG-1,L4
GATGGCCGTCCAGACC-1,Oligo
GATGGCCGTGATAGAT-1,L4
GATGGCCGTTCTGATG-1,Lamp5
GATGGCCTCAGTTGAC-1,Pvalb
GATGGCCTCCTTACGC-1,L6 IT
GATTAGCAGGAATGGA-1,Astro
GATTAGCGTATCCTTT-1,L6 CT
GATTAGCTCGCGATGC-1,Oligo
GATTGACCAAGGGAGG-1,L4
GATTGACCACCGTTGG-1,L4
GATTGACCAGAAGTGC-1,Oligo
GATTGACGTACAACGG-1,L6 CT
GATTGACTCCCGTATC-1,L6 CT
GATTGACTCGAAGCCC-1,Pvalb
GATTGACTCGATGCAT-1,Macrophage
GCAAAGGAGCGGACAT-1,Sst
GCAAAGGGTTCCCGGA-1,L2/3 IT
GCAAAGGTCGGTTGTA-1,L2/3 IT
GCAACCGAGAGACTCG-1,Oligo
GCAACCGCATGGCCCA-1,Astro
GCAACCGGTAGATTAG-1,L2/3 IT
GCAACCGGTTAAGTCC-1,Macrophage
GCAACCGGTTGCAGCC-1,Astro
GCAACCGTCACGATTG-1,L6 CT
GCACCTTAGCTGCTCG-1,Oligo
GCACCTTAGCTTACCA-1,L6b
GCACCTTCAAATTGAG-1,Oligo
GCACCTTCACTTATGG-1,Pvalb
GCACCTTGTTTCTACT-1,L6 IT
GCACCTTTCAGAATGA-1,Astro
GCACGCAAGAGCGAAA-1,L4
GCACGCACACCCTTAC-1,Sst
GCACGCACAGTGGTCC-1,L4
GCACGCAGTACGGATG-1,Astro
GCACGCAGTATTCTGG-1,L6 IT
GCACGCATCTAGCAGT-1,L5 IT
GCACGGTAGCAGAAAG-1,L5 IT
GCACGGTAGCTTTCCC-1,L6 IT
GCACGGTAGGAAGAAC-1,L2/3 IT
GCACGGTAGTAACTCC-1,L2/3 IT
GCACGGTAGTTACACC-1,L4
GCACGGTCAGTAAGCG-1,Astro
GCACGGTGTAAGCCTT-1,L4
GCACGGTGTCCACCAG-1,L4
GCACGGTGTGCGCTCA-1,Lamp5
GCACGGTTCACTACCC-1,Sst
GCACGGTTCAGTTGAC-1,L5 PT
GCAGATTAGATTCCGT-1,L5 IT
GCAGATTAGCTATCGT-1,L6 CT
GCAGATTAGGCACCTC-1,L5 IT
GCAGATTAGGCTTAAA-1,L2/3 IT
GCAGATTCACCCATCT-1,Macrophage
GCAGATTGTTTGACCA-1,L2/3 IT
GCAGCCAAGAAGAGTG-1,NP
GCAGCCAAGAGCTGTG-1,L6 IT
GCAGCCAAGCGTTAGG-1,Oligo
GCAGCCAAGGAGTACC-1,L4
GCAGCCACACAAACGG-1,L4
GCAGCCAGTAGTGATA-1,Macrophage
GCAGCCAGTATCTAGC-1,L2/3 IT
GCAGCCAGTCATTGCA-1,VLMC
GCAGCCATCCAGCACG-1,L2/3 IT
GCAGCTGAGCTTACCA-1,Astro
GCAGCTGGTTCTGAAC-1,L2/3 IT
GCAGCTGGTTTCTACT-1,L6 CT
GCAGCTGTCCATCATT-1,L6 IT
GCAGCTGTCGCGTTCT-1,L4
GCATGATAGGCTGGAT-1,L2/3 IT
GCATGATGTTATGCAC-1,L2/3 IT
GCATGATTCCATGACA-1,L5 PT
GCATGATTCCGAATTG-1,Macrophage
GCATTCCAGCCATGGA-1,Oligo
GCATTCCCAACTGCGC-1,Pvalb
GCATTCCGTAACACTC-1,Oligo
GCATTCCGTGATGCTT-1,Oligo
GCATTCCGTGTAGGAC-1,L6 IT
GCATTCCTCAGGTCTA-1,L5 IT
GCATTCCTCTGCGTCT-1,L5 IT
GCATTGAAGTCTTAGC-1,Oligo
GCATTGACAAGCGAAC-1,L6 CT
GCATTGACACAACGGA-1,L4
GCATTGAGTAGGTAAT-1,L2/3 IT
GCATTGAGTTGGCTTA-1,L4
GCCAGACAGGTTCGTT-1,L2/3 IT
GCCAGACCAAAGGAAG-1,Macrophage
GCCAGACCAATGATGA-1,Meis2
GCCAGACGTTACGCTA-1,L2/3 IT
GCCAGACGTTACGGAG-1,L2/3 IT
GCCAGCACAAACCTAC-1,L2/3 IT
GCCAGCACAACTCAAC-1,L4
GCCAGCACATTAGCCA-1,Peri
GCCAGCAGTCAGGCTC-1,L6 CT
GCCAGCAGTCCGTCGA-1,L4
GCCAGCAGTGAATACA-1,L4
GCCAGCAGTTATCGAC-1,Meis2
GCCAGCAGTTCACGTA-1,Vip
GCCAGCATCTCGACAA-1,L6 CT
GCCATAAAGCTACGCC-1,L2/3 IT
GCCATAAAGTAGTTCC-1,L2/3 IT
GCCATAACAAGCTTTG-1,L6 IT
GCCATAACAGAAAGAG-1,L2/3 IT
GCCATAACAGCGTGAA-1,L6 CT
GCCATAACATGCCCTT-1,Oligo
GCCATAAGTATTCACG-1,L5 IT
GCCATAAGTTCAGTAC-1,Lamp5
GCCATAAGTTTCCACC-1,Oligo
GCCATAATCCCTACGT-1,L6 IT
GCCCAGAAGAAATCTG-1,L5 IT
GCCCAGAAGATTAGAC-1,L2/3 IT
GCCCAGAAGCAATAAC-1,Meis2
GCCCAGAAGCTGATTC-1,L2/3 IT
GCCCAGAAGGCTAAAT-1,L4
GCCCAGAAGTCATCTG-1,Pvalb
GCCCAGACACGATATC-1,L6 CT
GCCCAGAGTAAAGGCC-1,Astro
GCCCAGAGTAGAGAGA-1,Macrophage
GCCCAGAGTAGCGAGT-1,Oligo
GCCCAGATCAGCCGGT-1,L2/3 IT
GCCCAGATCGTGGTAT-1,L5 PT
GCCCGAAAGGCCAGTA-1,Oligo
GCCCGAACAAGATTAG-1,Astro
GCCCGAACAGTTACAC-1,L6 IT
GCCCGAACATGATCGT-1,L6 CT
GCCTACTAGAGGCCTA-1,Sst
GCCTACTCAAAGCTGG-1,Astro
GCCTACTCAAATGTCC-1,L2/3 IT
GCCTACTCACAAACGG-1,L2/3 IT
GCCTACTCATCCTCGT-1,L2/3 IT
GCCTACTCATCGTGAT-1,Oligo
GCCTACTGTTACTACG-1,L6 IT
GCCTACTTCGTCGCAG-1,Macrophage
GCCTAGGAGTCGTACT-1,Lamp5
GCCTAGGAGTTGTCCA-1,L5 PT
GCCTAGGCAAGTCCTA-1,L6 IT
GCCTAGGCATCATAGC-1,L6 IT
GCCTAGGCATTATGGC-1,L5 PT
GCCTAGGGTATTGTGC-1,L2/3 IT
GCCTAGGTCCACGCTT-1,Oligo
GCCTAGGTCTGAGTAC-1,L4
GCGAGAAAGAGGAACA-1,L4
GCGAGAAAGAGGCAGG-1,L2/3 IT
GCGAGAAAGTACGCGA-1,Oligo
GCGAGAAAGTCAGCCC-1,Macrophage
GCGAGAACAAACCCTA-1,Astro
GCGAGAACACCTGTGG-1,Oligo
GCGAGAATCAAGAGGC-1,Oligo
GCGAGTCAGCCTATAC-1,L4
GCGAGTCAGCGCAATG-1,L4
GCGAGTCCAAGTAACA-1,L6 CT
GCGAGTCGTAGTCTGT-1,Lamp5
GCGAGTCGTCGCGCTA-1,L5 PT
GCGAGTCTCAAGTTGC-1,L6 CT
GCGAGTCTCCGCGATG-1,L2/3 IT
GCGAGTCTCTGATCCC-1,Macrophage
GCGATCGCAACGTACT-1,Astro
GCGATCGCAAGTCCTA-1,Sst
GCGATCGGTCGCTACG-1,Macrophage
GCGATCGTCATTCTTG-1,L5 PT
GCGATCGTCGCAGATT-1,L6 CT
GCGATTAGTTCAGAAA-1,Macrophage
GCGATTATCAACTTGG-1,Oligo
GCGATTATCTATCTAC-1,L5 IT
GCGATTATCTCGCGTT-1,Oligo
GCGCATGAGAAACGCC-1,L6b
GCGCATGAGAAGCCTG-1,L2/3 IT
GCGCATGAGACACTTC-1,Oligo
GCGCATGAGATAGGTT-1,L2/3 IT
GCGCATGAGGTCTTGT-1,L2/3 IT
GCGCATGGTATGTTCG-1,Astro
GCGCATGGTCAACAGG-1,L4
GCGCATGGTTAACCGT-1,L5 IT
GCGCATGGTTTAAGGA-1,Sst
GCGCATGTCCACTAGA-1,L4
GCGCATGTCGGGAAAC-1,Lamp5
GCGCATGTCTGATCCC-1,L2/3 IT
GCGCCAAAGGAGTACC-1,L6 CT
GCGCCAAAGTAATCAG-1,Oligo
GCGCCAAAGTCGCGTC-1,L2/3 IT
GCGCCAACACTGCTCT-1,L4
GCGCCAAGTGGTGGTA-1,L6 CT
GCGGAAACACAGATGG-1,Astro
GCGGAAACAGGCAAGT-1,Oligo
GCGGAAACATAGCCGC-1,L2/3 IT
GCGGAAACATCGCCTT-1,Macrophage
GCGGAAAGTGTCGTGC-1,L4
GCGGAAAGTTTCCGGG-1,L4
GCGGAAATCAATTCCT-1,Oligo
GCGGGTTAGAACGCCA-1,L2/3 IT
GCGGGTTAGCAATAAC-1,L4
GCGGGTTAGGGTCCCT-1,VLMC
GCGGGTTAGTGAAGGA-1,Oligo
GCGGGTTCAATGGTAA-1,Oligo
GCGGGTTGTCCTTATT-1,L5 IT
GCGGTGTAGATCGATA-1,Vip
GCGGTGTAGGGTTCCC-1,Oligo
GCGGTGTCAAATAGTG-1,Oligo
GCGTAGCAGTGTAATG-1,L6 IT
GCGTAGCCATCTGCAA-1,Macrophage
GCGTAGCGTAATGCAA-1,Oligo
GCGTAGCTCCATGACA-1,Astro
GCGTAGCTCTAGCTGA-1,L2/3 IT
GCGTTGGCAACCTCCT-1,L2/3 IT
GCGTTGGCAACGTACT-1,L5 IT
GCGTTGGCATAGACGG-1,Oligo
GCGTTGGGTTCCATCC-1,Oligo
GCGTTGGGTTTGCCAA-1,L2/3 IT
GCGTTGGTCCGGACTG-1,Oligo
GCGTTGGTCGGTTAGT-1,L2/3 IT
GCGTTGGTCTCCACTG-1,Astro
GCTCACTAGAGAGTAG-1,Sst
GCTCACTAGCAGAAAG-1,Astro
GCTCACTAGGTTCTCA-1,L5 IT
GCTCACTAGTGGGACT-1,Pvalb
GCTCACTCAAGCGGTA-1,L4
GCTCACTCAGGTTATC-1,L5 IT
GCTCACTGTACGGAGT-1,L6 IT
GCTCACTGTCGTAATC-1,Lamp5
GCTCACTGTCTGGGAA-1,Astro
GCTCACTGTTAAGGGC-1,Sst
GCTCACTGTTTCCGGG-1,Oligo
GCTCACTTCATCGCCT-1,Pvalb
GCTCACTTCGAACACT-1,Macrophage
GCTCAGGAGCTCCATA-1,L6 CT
GCTCAGGAGGTTCTCA-1,L5 IT
GCTCAGGCAGAATGCG-1,Oligo
GCTCAGGCATCGCTAA-1,L4
GCTCAGGCATGGCCGT-1,Lamp5
GCTCAGGGTACCGGCT-1,L4
GCTCAGGGTCCTTATT-1,L2/3 IT
GCTCAGGGTTACGAAA-1,Oligo
GCTCAGGTCCCGGGTA-1,Oligo
GCTCCTACACAAGTGG-1,L5 IT
GCTCCTACAGGCTACC-1,L2/3 IT
GCTCCTAGTAACACTC-1,Oligo
GCTCCTAGTAGCGAGT-1,Oligo
GCTCCTAGTGAAACAT-1,L2/3 IT
GCTCCTATCAGATACC-1,Vip
GCTCCTATCGTGGGTC-1,L4
GCTCGAGAGACGCCCT-1,L6 IT
GCTCGAGAGCATGATA-1,L6b
GCTCGAGAGGGACGTT-1,L5 IT
GCTCGAGGTAACAATG-1,L6 IT
GCTCGAGGTCAACTGT-1,L6 CT
GCTCGAGTCCAAGTCA-1,Pvalb
GCTCGAGTCGCACCGA-1,Macrophage
GCTGAGCAGGATCCTT-1,Macrophage
GCTGAGCAGTCCGGAA-1,L2/3 IT
GCTGAGCCAAACTACC-1,Astro
GCTGAGCCACCTCGTT-1,L4
GCTGAGCCAGCAGGTA-1,Astro
GCTGAGCGTATGTCCA-1,L5 IT
GCTGAGCGTGCGTCCA-1,Oligo
GCTGAGCTCAGTTGAC-1,L4
GCTGCGACATCCTCGT-1,L6b
GCTGCGACATTGCCTC-1,L6 CT
GCTGTTCAGACAGCTG-1,L4
GCTGTTCAGAGAGTAG-1,L6 CT
GCTGTTCAGGTTCGAG-1,L4
GCTGTTCAGTATGCTC-1,Oligo
GCTGTTCCACTGTCAA-1,Lamp5
GCTGTTCCAGCGTACC-1,Oligo
GCTGTTCTCCCGCAAG-1,Macrophage
GCTGTTCTCTGATCTT-1,L6b
GCTTAAGAGATCGATA-1,Macrophage
GCTTAAGAGGCAGTAC-1,Astro
GCTTAAGCACGCTCAG-1,Lamp5
GCTTAAGCACTCGGAC-1,L6 CT
GCTTAAGGTGGATTTC-1,Astro
GCTTAAGTCCAACAAC-1,L6 IT
GCTTAAGTCCATCATT-1,L2/3 IT
GCTTAAGTCTCGACCT-1,Lamp5
GCTTGCTAGCAGTAGC-1,VLMC
GCTTGCTCAGAACGAC-1,L5 PT
GCTTGCTCATCAACTG-1,Oligo
GCTTGCTCATTGATGC-1,L4
GCTTGCTGTCAAGACG-1,Vip
GCTTGCTGTTTCTCTA-1,L6 IT
GCTTTCGAGATTACGA-1,Sncg
GCTTTCGGTCCAACCG-1,Pvalb
GCTTTCGGTGAAACAT-1,L2/3 IT
GCTTTCGGTGAGTAAT-1,Oligo
GCTTTCGGTGATGCTT-1,L2/3 IT
GCTTTCGTCGGGAATG-1,L4
GCTTTCGTCTTCACTA-1,Astro
GGAACCCAGAAGGGCG-1,L5 IT
GGAACCCCAATTCAGC-1,Oligo
GGAACCCCATCAGAAA-1,L6 CT
GGAACCCGTTCCAATG-1,L2/3 IT
GGAACCCTCAGTACAC-1,L6 IT
GGAACCCTCCCAGCGA-1,Oligo
GGAACCCTCCGTTAGA-1,L5 IT
GGAACTTAGCAACGGT-1,L2/3 IT
GGAACTTCATGTGAGG-1,L2/3 IT
GGAACTTCATTGATGC-1,L5 IT
GGAACTTGTACAACGG-1,Oligo
GGAATCTAGTTACACC-1,Macrophage
GGAATCTCAAAGAGAG-1,L4
GGAATCTCAGTGCGAA-1,Lamp5
GGAATCTGTGGTACTT-1,L2/3 IT
GGAATCTGTTCTTAGG-1,L6 CT
GGAATCTGTTTGCCAA-1,L2/3 IT
GGACACCAGACGAAAG-1,Vip
GGACACCAGGCGCTTC-1,L6 CT
GGACACCAGGTTACAA-1,VLMC
GGACACCCAGGTGTCC-1,L6 CT
GGACACCCATCGGCTG-1,L4
GGACACCGTAGAACGC-1,Pvalb
GGACACCGTATATGGA-1,L6 IT
GGACACCGTCTCTGGG-1,Oligo
GGAGAACAGACAGCTG-1,Astro
GGAGAACAGATGGCAC-1,L2/3 IT
GGAGAACAGATGTTCC-1,Lamp5
GGAGAACGTCAGAAGC-1,Vip
GGAGGATAGTTGACAA-1,Meis2
GGAGGATCATTGTTCT-1,L6 CT
GGAGGATGTGCGCATC-1,L4
GGAGGATGTTGCAGAG-1,Macrophage
GGAGGATTCGTGGCGT-1,L4
GGAGTAGAGAGCTACG-1,Astro
GGAGTAGCATCATAGC-1,Oligo
GGAGTAGGTGCTGGCT-1,L4
GGAGTAGTCACGTGTA-1,L4
GGATAGGAGGTAGGCT-1,Sst
GGATAGGGTCATGAGG-1,L5 PT
GGATAGGGTCTCAAAC-1,L6 CT
GGATAGGGTGAGTTGG-1,Pvalb
GGATAGGTCGATGTGT-1,Oligo
GGATGAGAGAAGGGCG-1,Astro
GGATGAGAGAGCCTGA-1,L4
GGATGAGAGATGAGGA-1,L5 IT
GGATGAGAGTGAAACT-1,Astro
GGATGAGCAAGGAACC-1,Oligo
GGATGAGCACTGTCGG-1,L2/3 IT
GGATGAGCAGCACATT-1,Sst
GGATGAGGTCATAGCT-1,L4
GGATGAGTCTTACGGA-1,Macrophage
GGCACGTAGAACGCCA-1,Astro
GGCACGTAGAATCAGT-1,Pvalb
GGCACGTCAAGTCTCA-1,L4
GGCACGTCAGTTGGAG-1,Oligo
GGCACGTGTATCATGC-1,L5 IT
GGCACGTGTCAGTGTT-1,Macrophage
GGCACGTGTTTAGGAA-1,L2/3 IT
GGCACGTTCAATTCCT-1,L4
GGCATTAAGACCCATT-1,L6 CT
GGCATTAAGTTACCAC-1,Oligo
GGCATTACACCACCAG-1,Oligo
GGCATTACACTCGTGG-1,Macrophage
GGCATTACACTGCTTC-1,Meis2
GGCATTAGTAAAGGCC-1,L6 IT
GGCATTATCAAACCAC-1,Oligo
GGCATTATCCCTACGT-1,Oligo
GGCGAAAAGCGTTAGG-1,L2/3 IT
GGCGAAATCAAGAGGC-1,Oligo
GGCGTTGAGACCATAA-1,L6 CT
GGCGTTGAGCCATCAT-1,Sst
GGCGTTGCATCGGCTG-1,VLMC
GGCGTTGGTAACCGAG-1,Oligo
GGCGTTGGTGAATACA-1,L2/3 IT
GGCGTTGGTTACTACG-1,Vip
GGCGTTGTCAGGAATA-1,Macrophage
GGCGTTGTCGCTCGGA-1,L4
GGCGTTGTCTTAATCC-1,L2/3 IT
GGGAACAAGCTTCAAC-1,Astro
GGGAACAAGTTGACAA-1,Sst
GGGAACACAATTGCCA-1,Astro
GGGAACACAATTGTGC-1,Astro
GGGAACACACTGCTTC-1,Pvalb
GGGAACAGTTAACCGT-1,Astro
GGGAACATCCTCAAGA-1,Astro
GGGAACATCGCACCTT-1,L6b
GGGACCTAGTACCCAT-1,L2/3 IT
GGGACCTCAGCGTAGA-1,L2/3 IT
GGGACCTCATAGCCGC-1,Lamp5
GGGACCTGTATATGGA-1,L6 CT
GGGACCTTCTGATCTT-1,Astro
GGGCCATAGAGTGGAA-1,L5 PT
GGGCCATAGCAGTAGC-1,L2/3 IT
GGGCCATAGGATTAAC-1,Astro
GGGCCATAGGCCAGTA-1,L5 PT
GGGCCATAGGTCACTT-1,L5 IT
GGGCCATCAACGGACA-1,Sst
GGGCCATCAATGAAAC-1,Sst
GGGCCATGTAGTGATA-1,L2/3 IT
GGGCCATGTATGTTCG-1,Oligo
GGGCCATTCACGATTG-1,L4
GGGCCATTCCATTGAG-1,Endo
GGGCCATTCGCTCTAC-1,L6 IT
GGGTCTGCAACGCACC-1,Oligo
GGGTCTGCACCTGGTG-1,L6 CT
GGGTCTGGTTGGCTAT-1,Oligo
GGGTCTGGTTTAGACC-1,Oligo
GGGTCTGTCGTTCCGT-1,L6 IT
GGGTCTGTCTCTATTG-1,Oligo
GGGTGTCAGAACTCCT-1,Oligo
GGGTGTCAGGTTCTCA-1,L6 CT
GGGTGTCCACGCCGAT-1,L5 IT
GGGTGTCCATTACCTT-1,Macrophage
GGGTGTCCATTACTCT-1,Astro
GGGTGTCGTAAGTGCG-1,L5 PT
GGGTGTCGTCTCGGGT-1,Oligo
GGGTGTCGTGTCCCAG-1,L4
GGGTGTCGTTTAGACC-1,Meis2
GGGTGTCTCCGGGCAT-1,NP
GGGTGTCTCGAGTTAC-1,Astro
GGGTGTCTCTCGGCGA-1,Astro
GGGTGTCTCTGTTTAC-1,L6 IT
GGGTTATAGATTACGA-1,L2/3 IT
GGGTTATCACCTGGTG-1,NP
GGGTTATCACTCGGAC-1,Oligo
GGGTTATGTATATGGA-1,L2/3 IT
GGGTTATGTCATAAGA-1,L2/3 IT
GGGTTATGTTCTTAGG-1,L6 CT
GGGTTATGTTTCCGGG-1,Sst
GGGTTATTCAGAACGG-1,L2/3 IT
GGGTTATTCGCTCTAC-1,Macrophage
GGTACCGAGGATGTCG-1,L4
GGTACCGCAAGCGAAC-1,NP
GGTACCGCACAAGGGT-1,Astro
GGTACCGGTTTGAAGA-1,L2/3 IT
GGTAGGAAGAAGGGCG-1,L2/3 IT
GGTAGGACACAGGAAC-1,Macrophage
GGTAGGAGTAACCCAT-1,L2/3 IT
GGTAGGAGTCCCGAGT-1,L5 IT
GGTAGGAGTGGAAAGA-1,Meis2
GGTAGGATCGCAAACT-1,L6 CT
GGTAGGATCGCTTCAC-1,Pvalb
GGTCATAAGTAGTGTA-1,Astro
GGTCATAAGTCATACC-1,L2/3 IT
GGTCATAAGTCGTACT-1,Oligo
GGTCATACAAGTAACA-1,L2/3 IT
GGTCATACACTGATTG-1,L6 CT
GGTCATACAGCTGATT-1,L4
GGTCATAGTAACACTC-1,Oligo
GGTCATATCACTAGGT-1,Oligo
GGTCATATCAGTCACA-1,L2/3 IT
GGTCATATCCTTTGCG-1,L5 IT
GGTCATATCGTTCTAT-1,Lamp5
GGTGAAGCAACACGGA-1,Astro
GGTGAAGCAGATTAAG-1,L2/3 IT
GGTGAAGGTAACTCCA-1,L6 CT
GGTGAAGGTCAGGCTC-1,L2/3 IT
GGTGAAGGTTACGCTA-1,VLMC
GGTGAAGGTTCCAGTA-1,L4
GGTGAAGTCACTAGGT-1,Macrophage
GGTGAAGTCGGTAGGA-1,L4
GGTGCTGCACCGTTGG-1,L4
GGTGCTGGTAGCGAGT-1,L4
GGTGCTGGTATCATGC-1,Lamp5
GGTGCTGGTGCATTGT-1,Oligo
GGTGCTGTCCTAAGTG-1,L2/3 IT
GGTGCTGTCCTCAAGA-1,L4
GGTGTCGAGAGTAAGG-1,L6 IT
GGTGTCGCAGTATCTG-1,Oligo
GGTGTCGCATGGGTGA-1,L6 IT
GGTGTCGGTACGTATC-1,Macrophage
GGTGTCGGTATCTCAG-1,L4
GGTGTCGTCAAGGCCC-1,L4
GGTGTCGTCGTTCTAT-1,L2/3 IT
GGTTGCGAGCCGCAAA-1,L2/3 IT
GGTTGCGAGCTGAAAT-1,Oligo
GGTTGCGGTCAACTGT-1,Lamp5
GGTTGCGGTTACTTTC-1,L6 CT
GGTTGCGTCCCAGTAA-1,L4
GGTTGCGTCTATTTCG-1,L6 IT
GGTTGCGTCTTTCGAT-1,L6 CT
GTAATCGCAATCACTG-1,Sncg
GTAATCGGTATTCACG-1,Oligo
GTAATCGGTCCTATTT-1,L2/3 IT
GTAATCGGTTGGAGGT-1,Macrophage
GTAATCGTCAAAGTAG-1,L6 IT
GTAATCGTCATACTTC-1,L6 CT
GTAATCGTCTACTTTG-1,L2/3 IT
GTACTTTCAGCTTACA-1,L4
GTACTTTCAGGATAGC-1,L4
GTACTTTCATTACCTT-1,Astro
GTACTTTGTCTGTGTA-1,L6 CT
GTACTTTTCCACCTAC-1,Peri
GTACTTTTCCATGTTT-1,L2/3 IT
GTACTTTTCCTGAAAC-1,L6 IT
GTACTTTTCGCACCTT-1,Astro
GTACTTTTCGGGATCC-1,Astro
GTAGACTAGGGCTCTC-1,Macrophage
GTAGACTAGTACTCTG-1,Sst
GTAGACTAGTCTTAGC-1,L5 PT
GTAGACTCACAGCTTA-1,Astro
GTAGACTCAGCAACGA-1,Astro
GTAGACTGTTGAAGCG-1,L6 IT
GTAGACTTCTCCCTTT-1,Pvalb
GTAGGAGAGCGAGCTA-1,L6 IT
GTAGGAGCAAATGTCC-1,L6 CT
GTAGGAGCAGTCAGCC-1,L6 IT
GTAGGAGCATTCTTTG-1,Astro
GTAGGAGCATTGTTCT-1,L6 CT
GTAGGAGGTCGTAATC-1,Astro
GTAGGAGGTCTGGTCG-1,Meis2
GTAGGAGGTGTGCTTA-1,L4
GTAGGAGTCAGTGTAC-1,L2/3 IT
GTAGGAGTCCCGTATC-1,L4
GTAGGAGTCCTGAAAC-1,Astro
GTAGGAGTCGAGTTAC-1,L2/3 IT
GTAGGAGTCTGACATG-1,L6 CT
GTAGTACCAGGATGTG-1,L4
GTAGTACCATCGACGC-1,L6 IT
GTAGTACGTTAAGGGC-1,L4
GTAGTACGTTGCAGAG-1,L6 IT
GTAGTACTCAGAGTGG-1,L4
GTAGTACTCGGTCTCT-1,L4
GTAGTACTCGTCAACA-1,L4
GTCACAAAGCTGCCAC-1,NP
GTCACAAAGGCAGATC-1,L4
GTCACAAAGGCGTAGT-1,L4
GTCACAACATATACGC-1,Astro
GTCACAAGTGTGCTTA-1,L2/3 IT
GTCACAATCCAATCCC-1,L6 IT
GTCACCTAGTGAATAC-1,L6 IT
GTCACCTAGTTCCAGT-1,L5 IT
GTCACCTCAGCGTCGT-1,L2/3 IT
GTCACCTGTAAAGCTA-1,L6b
GTCACCTGTAACTCCA-1,L4
GTCACCTGTATTCGAC-1,Oligo
GTCACCTGTTATGCAC-1,L5 PT
GTCACCTTCAAGAGAT-1,L2/3 IT
GTCACCTTCGATGTAC-1,L2/3 IT
GTCACCTTCTATGAGC-1,Sncg
GTCACCTTCTCAGATG-1,L4
GTCACCTTCTGATCCC-1,L2/3 IT
GTCACGGCATACAACC-1,L2/3 IT
GTCACGGGTGTCCAGC-1,Astro
GTCACGGGTTTCAGCA-1,L4
GTCACGGTCGAACACT-1,L6 CT
GTCACGGTCGCTCGGA-1,Pvalb
GTCACGGTCGTTCTAT-1,Vip
GTCACTCAGATCGCCC-1,L5 PT
GTCACTCCATTTGGTG-1,Macrophage
GTCACTCGTCAACTGT-1,Sst
GTCACTCGTCAAGACG-1,L6 CT
GTCACTCTCGATGAAA-1,Sst
GTCCATCAGCGCCTAC-1,Macrophage
GTCCATCAGGAGTACC-1,L6 CT
GTCCATCGTCGACTGC-1,Sst
GTCCATCTCTTCAGAG-1,L6 CT
GTCGTAACAACGGGTA-1,L5 PT
GTCGTAAGTCTGCACG-1,Astro
GTCGTAAGTCTGGATT-1,Oligo
GTCGTAAGTTTGGATC-1,L4
GTCGTAATCAAGAGGC-1,Macrophage
GTCGTAATCCAGAATC-1,Macrophage
GTCTACCAGTATGCTC-1,Pvalb
GTCTACCCACATTGCA-1,L2/3 IT
GTCTACCCAGAACGAC-1,Astro
GTCTACCGTGGATTTC-1,L4
GTCTACCGTTTCACCC-1,L6 IT
GTCTACCTCAGTGTAC-1,Lamp5
GTCTACCTCATGAACC-1,Meis2
GTGACATCATCCCTTG-1,L4
GTGACATGTACGAGAC-1,L5 PT
GTGACATTCAGCACTA-1,Sst
GTGACATTCATACTTC-1,L6 CT
GTGATCAAGCAGGAGG-1,L5 IT
GTGATCAAGGCGTCCT-1,Oligo
GTGATCAAGTAGGTCG-1,Oligo
GTGATCATCGGGACAA-1,L6 CT
GTGCACGAGCTCCATA-1,Oligo
GTGCACGAGTCCCGCA-1,L5 IT
GTGCACGCAAGCGAAC-1,Astro
GTGCACGCAGGCAGAT-1,L5 PT
GTGCACGCATGGGTGA-1,L6 CT
GTGCACGGTACCGGCT-1,Oligo
GTGCACGGTATCCCTC-1,L6 IT
GTGCACGGTGTCTCGG-1,L4
GTGCACGGTTCGGGAA-1,Sst
GTGCCAGAGGGTCTGA-1,L6 IT
GTGCCAGAGTCGTATC-1,Astro
GTGCCAGCAGCGCGTT-1,L5 IT
GTGCCAGCAGGAGCAT-1,Oligo
GTGCCAGCAGGGTAAC-1,L2/3 IT
GTGCCAGGTGAGGGTT-1,Oligo
GTGCCAGTCTGATCCC-1,Macrophage
GTGCCAGTCTTATCAC-1,L2/3 IT
GTGCTGGAGAGCTCCC-1,Astro
GTGCTGGAGGTCTTGT-1,L5 IT
GTGCTGGAGTGCAACG-1,Pvalb
GTGCTGGCACACACCG-1,L6 CT
GTGCTGGTCCAGTACA-1,L2/3 IT
GTGCTGGTCGGTCGAC-1,L6 IT
GTGCTGGTCTGGCACG-1,L6 CT
GTGGATTAGCGGACAT-1,Macrophage
GTGGATTAGTCTGCTA-1,L4
GTGGATTCACGCGATC-1,L6 CT
GTGGATTCATGACTGT-1,L5 IT
GTGGATTCATGGGACA-1,Oligo
GTGGATTGTACTAGAA-1,L5 IT
GTGGATTGTTACTACG-1,L2/3 IT
GTGGATTTCTTTATCG-1,L4
GTGGCGTAGTGCTGAG-1,Oligo
GTGGCGTAGTTCGCGC-1,L2/3 IT
GTGGCGTCAAAGCATA-1,Oligo
GTGGCGTCAATGCCAT-1,Oligo
GTGGCGTCACTGATAC-1,L6 CT
GTGGCGTGTGCGACCT-1,L2/3 IT
GTGGCGTGTTCTTTCA-1,Oligo
GTGGCGTGTTGCAGAG-1,Oligo
GTGGCGTTCCTAGAGT-1,Pvalb
GTGGCGTTCGTGCTTC-1,Pvalb
GTGGCGTTCTTCAGAG-1,L4
GTGTCAAAGGCCTCTG-1,L4
GTGTCAACAAGTCCTA-1,L5 PT
GTGTCAACACTGATTG-1,L5 IT
GTGTCAACATGTGGGA-1,L6 IT
GTGTCAATCACGTCAA-1,L4
GTGTCAATCCCACTTG-1,Oligo
GTGTCAATCTGGCCAG-1,L6 IT
GTGTCCTAGGGCGAAG-1,L5 IT
GTGTCCTAGTCGACCC-1,Sst
GTGTCCTGTACGTAAA-1,Oligo
GTGTCCTTCCCTATTA-1,L6 IT
GTGTCCTTCCTATCCG-1,Oligo
GTGTCCTTCGCGGCAT-1,L2/3 IT
GTGTCCTTCTTGTGCC-1,L6 CT
GTGTGATAGGTCTTTG-1,L4
GTGTGATAGGTGTTGG-1,L6 CT
GTGTGATAGGTTGACG-1,L4
GTGTGATAGTACAGAT-1,L6 CT
GTGTGATAGTTCCCGG-1,Vip
GTGTGATCACCGAAAG-1,Vip
GTGTGATGTCGACTGC-1,L4
GTGTGATGTTTCCTAT-1,L2/3 IT
GTGTGATTCCCGTATC-1,L2/3 IT
GTTACGAAGACGACTG-1,L4
GTTACGAAGGAAGGTA-1,L2/3 IT
GTTACGAAGTACAGTA-1,L5 IT
GTTACGAGTATCTGCA-1,L6 CT
GTTACGAGTATTGTGC-1,L6 CT
GTTACGAGTCAATACC-1,Oligo
GTTACGAGTCATAAGA-1,L2/3 IT
GTTACGAGTCCGTCGA-1,Oligo
GTTACGAGTCTGATTG-1,L4
GTTACTTAGGTCGGTA-1,L6 CT
GTTACTTCAAACCTAC-1,L2/3 IT
GTTACTTCACCTGGTG-1,L4
GTTACTTCAGCGTCGT-1,L4
GTTACTTCATTAACGC-1,L6 CT
GTTACTTGTCAGAGTG-1,L4
GTTACTTGTGAGCTAG-1,Oligo
GTTACTTGTTCTTTGT-1,L2/3 IT
GTTACTTTCGCGCCAA-1,L5 IT
GTTATGGAGAAGCCTG-1,Lamp5
GTTATGGAGCCAGAAC-1,Sst
GTTATGGAGGAACCGT-1,Astro
GTTATGGCACTAGCCG-1,NP
GTTATGGGTCCCGTGA-1,L4
GTTATGGGTGGCGCTT-1,L2/3 IT
GTTATGGTCAAACCCA-1,L5 IT
GTTATGGTCAGCCGGT-1,Oligo
GTTATGGTCATGCTTT-1,Macrophage
GTTATGGTCCAGGGAA-1,L4
GTTATTCAGAGAGTAG-1,Sst
GTTATTCAGAGGCCTA-1,Oligo
GTTATTCAGGGAAGCG-1,Pvalb
GTTATTCAGTGCAACG-1,L6 CT
GTTATTCAGTGCTAGG-1,L6 CT
GTTATTCCATAGCAGG-1,Astro
GTTATTCCATGCTATG-1,L2/3 IT
GTTATTCGTAGGTAAT-1,L2/3 IT
GTTATTCGTGCAACAG-1,Oligo
GTTATTCGTTTCCGGG-1,L6 CT
GTTCAAGAGGTTCTCA-1,L2/3 IT
GTTCAAGAGTCGTGAG-1,L2/3 IT
GTTCAAGCAATTGCCA-1,L4
GTTCAAGCATAAAGTG-1,L4
GTTCAAGGTAAACGAT-1,Oligo
GTTCAAGGTCCCGAGT-1,L2/3 IT
GTTCAAGTCCAGAATC-1,L4
GTTGGGCAGGAGTCTG-1,L4
GTTGGGCAGGCTCAGA-1,L6 CT
GTTGGGCAGGGTTCCC-1,L6 CT
GTTGGGCAGTCCCTCT-1,L4
GTTGGGCAGTGATAAC-1,L2/3 IT
GTTGGGCAGTGCTCGC-1,L4
GTTGGGCCAATGTAAG-1,L2/3 IT
GTTGGGCCAGCTATAC-1,L2/3 IT
GTTGGGCCATCGAGTT-1,L2/3 IT
GTTGGGCCATGACTGT-1,L6 CT
GTTGGGCGTCAAATCC-1,Oligo
GTTGGGCTCCCACTAC-1,Oligo
GTTGGGCTCGCCCTTA-1,L5 IT
GTTGGTAAGACGACTG-1,Oligo
GTTGGTAAGACTAGGC-1,L4
GTTGGTAAGCGTCAAG-1,L6 CT
GTTGGTAAGTAGCAAT-1,L5 IT
GTTGGTACACGACGAA-1,L2/3 IT
GTTGGTACACGCGCAT-1,L5 IT
GTTGGTACAGTCCTGG-1,Macrophage
GTTGGTATCATTCTCA-1,L2/3 IT
GTTGGTATCGCTTCAC-1,Astro
TAAACCGAGTTCAGGG-1,L4
TAAACCGCATGCCCTT-1,Astro
TAAACCGTCCTTTGAT-1,Sst
TAACAGCAGGTCTTTG-1,Astro
TAACAGCAGTAATGTG-1,L6 CT
TAACAGCCAACGTCCG-1,L2/3 IT
TAACAGCCATTCACCC-1,L6 IT
TAACAGCGTCTCTAAG-1,L2/3 IT
TAACAGCGTTTGAAGA-1,L2/3 IT
TAACAGCTCACGTGTA-1,L5 IT
TAACAGCTCCCAGCAG-1,L6 IT
TAACAGCTCGTGAGTT-1,Astro
TAACAGCTCGTTCCGT-1,Oligo
TAACAGCTCTCGTAGA-1,L6 CT
TAACGGTAGCCGCAAA-1,L2/3 IT
TAACGGTAGCGTCAAG-1,Oligo
TAACGGTAGTTGGAAT-1,Astro
TAACGGTCAAGTTGCT-1,L4
TAACGGTCAGTCCTGG-1,L4
TAACGGTGTAAGTCTC-1,Oligo
TAACGGTGTCCCGTGA-1,L6 IT
TAACGGTTCGGTAGGA-1,Vip
TAACTTCAGGTTCGAG-1,L4
TAACTTCCACGTGAAG-1,L2/3 IT
TAACTTCGTGAATACA-1,L5 IT
TAACTTCGTGGACTGA-1,Astro
TAACTTCGTGGCCTTG-1,L6 CT
TAACTTCGTTAACCAC-1,L6 CT
TAACTTCTCCCTACCA-1,L6 CT
TAACTTCTCGGGATCC-1,L2/3 IT
TAAGCCAAGAGAAGCA-1,Meis2
TAAGCCAAGATCTCAC-1,L4
TAAGCCAAGGTTGACG-1,Oligo
TAAGCCAAGTTATGAG-1,Oligo
TAAGCCACAACCTCTC-1,L5 IT
TAAGCCACACCCTTTG-1,L2/3 IT
TAAGCCAGTAGCATGG-1,L4
TAAGCCAGTCGTCGCA-1,Astro
TAAGCCAGTCTGCACG-1,L4
TAAGCCATCGTGATAC-1,L4
TAAGTGCAGAGCAGCT-1,L5 IT
TAAGTGCAGATCTAAG-1,Oligo
TAAGTGCAGCCTGTAT-1,L5 IT
TAAGTGCAGGGATCCA-1,L4
TAAGTGCCAACTCGTA-1,Peri
TAAGTGCCACTGAAGG-1,Oligo
TAAGTGCCATAGACGG-1,Oligo
TAAGTGCGTCAACAGG-1,Oligo
TAAGTGCTCACCACAA-1,L2/3 IT
TAAGTGCTCGTGGCGT-1,L6 CT
TAATCGGAGAAAGGGT-1,L6 IT
TAATCGGCACGCGATC-1,L4
TAATCGGCATTTCACT-1,Macrophage
TAATCGGGTAGATGAT-1,L2/3 IT
TAATCGGGTCCCTTTG-1,L6 IT
TAATCGGGTGTCCAGC-1,L6 CT
TAATCGGTCCGAATTG-1,L4
TAATCGGTCGTGAACT-1,L2/3 IT
TAATTCCAGTATGCTC-1,Macrophage
TAATTCCCACAGGTAG-1,L4
TAATTCCGTAAGGTCG-1,Oligo
TAATTCCGTGTCTCGG-1,L4
TAATTCCGTTACTTTC-1,Astro
TAATTCCTCCCAATGA-1,Astro
TAATTCCTCTGGAAGG-1,Astro
TACAGCAAGACCCTAT-1,Lamp5
TACAGCAAGTGCTCGC-1,L6 CT
TACAGCAGTACTATGC-1,Astro
TACAGCAGTACTTCAG-1,Macrophage
TACAGCAGTCGGCTGT-1,L6 CT
TACAGCAGTTAACTCG-1,L5 PT
TACAGCATCGAGTTAC-1,Lamp5
TACAGCATCTGACATG-1,Astro
TACAGCATCTGCGTCT-1,L4
TACATGGAGAAGGGCG-1,Meis2
TACATGGCAAATTGAG-1,L2/3 IT
TACATGGCAGGGCTTC-1,Oligo
TACATGGGTCATGAGG-1,Macrophage
TACATGGGTTGCAGAG-1,L6 CT
TACATGGTCCATAGGT-1,L6 CT
TACATGGTCTAGTCGA-1,L2/3 IT
TACATTCAGGACCGAT-1,L2/3 IT
TACATTCAGGGAAGCG-1,L2/3 IT
TACATTCAGGTCTTTG-1,Macrophage
TACATTCGTAGCAGGT-1,L2/3 IT
TACATTCTCCGCGATG-1,Vip
TACATTCTCGAGGTAG-1,L2/3 IT
TACCCTGAGGGCGAAG-1,NP
TACCCTGCACGCGCAT-1,L4
TACCCTGCACGTTACA-1,NP
TACCCTGCACTAAACC-1,L6 CT
TACCCTGCATATTGGC-1,Macrophage
TACCCTGCATCATCGA-1,Oligo
TACCCTGGTGATGCGA-1,L4
TACCCTGTCGCAAGCC-1,L6 CT
TACCCTGTCGGATAAA-1,Lamp5
TACCCTGTCTTGTACT-1,Oligo
TACCTATAGCTGATTC-1,Macrophage
TACCTATAGGCGACTA-1,Pvalb
TACCTATAGTCATCTG-1,NP
TACCTATCAAAGGAAG-1,Lamp5
TACCTATCATTAGCCA-1,L5 IT
TACCTATGTGCTTCCT-1,Pvalb
TACCTATGTGGCATAG-1,Macrophage
TACCTATTCCCGTATC-1,Pvalb
TACCTATTCGCGCTGA-1,L4
TACCTCGAGGTCGGTA-1,L2/3 IT
TACCTCGCAGAACGAC-1,L5 PT
TACCTCGCAGCAATGG-1,L5 IT
TACCTCGCATAGCCAT-1,L4
TACCTCGCATTCACCC-1,L6 IT
TACCTCGGTGTAGGAC-1,Lamp5
TACCTCGTCGGTCTAA-1,Macrophage
TACCTCGTCTTCCAGC-1,L2/3 IT
TACGCAAAGGATTGAT-1,L4
TACGCAACAAACTACC-1,Oligo
TACGCAACAAGACTTC-1,Lamp5
TACGCAACAAGGCGTA-1,Vip
TACGCAACAATGGTCT-1,L5 PT
TACGCAACAGTTACAC-1,NP
TACGCAACATCACAGT-1,L4
TACGCAAGTGACGCAA-1,Oligo
TACGCAATCCCTAAAG-1,L2/3 IT
TACGCCTCACTCCACT-1,Astro
TACGCCTCATGCCCTT-1,Astro
TACGCCTCATTCGTCC-1,L5 IT
TACGCCTGTAGAGAGA-1,Oligo
TACGCCTGTTTGCATG-1,L2/3 IT
TACGCCTTCACAAGCT-1,Macrophage
TACGGATAGACCATAA-1,Pvalb
TACGGATAGCAATAAC-1,Astro
TACGGATAGTAATCAG-1,Oligo
TACGGATCAAACTACC-1,Oligo
TACGGATCATGCGCTG-1,Lamp5
TACGGATCATTTGTTC-1,Sst
TACGGATGTACCCATA-1,L2/3 IT
TACGGATGTGGAAGCT-1,L6 CT
TACGGATTCCGATGCG-1,L2/3 IT
TACGGATTCGGAGTTT-1,L6 CT
TACGGATTCGGTGATT-1,Pvalb
TACTAGGAGTCACGCC-1,Oligo
TACTAGGCAATCATCG-1,Oligo
TACTAGGCATCGAGTT-1,L4
TACTAGGGTATCCTTT-1,Lamp5
TACTAGGGTTAACTCG-1,Sst
TACTAGGTCGGGACAA-1,L4
TACTCGCAGAACGTCG-1,L5 IT
TACTCGCAGAAGAGTG-1,Oligo
TACTCGCCACTCAAGT-1,Meis2
TACTCGCCACTGTCAA-1,Astro
TACTCGCGTCACCCGA-1,L5 IT
TACTCGCGTTAAGGGC-1,L4
TACTGCCAGACCGCAA-1,VLMC
TACTGCCAGTGATAAC-1,L2/3 IT
TACTGCCCAACGTACT-1,Pvalb
TACTGCCCAACTCGAT-1,Macrophage
TACTGCCGTATCGCGC-1,L6 IT
TACTGCCGTATTGTGC-1,Pvalb
TACTGCCGTTTGATCG-1,Oligo
TACTGCCTCCAATAGC-1,L6 CT
TACTGCCTCCAGGGAA-1,L6 IT
TAGACTGAGCTTACCA-1,Macrophage
TAGACTGAGTTGCTTG-1,NP
TAGACTGCAAGCGACA-1,L5 IT
TAGACTGCATACAACC-1,Vip
TAGACTGGTATCTAGC-1,Oligo
TAGACTGGTGATGCTT-1,Macrophage
TAGACTGGTGTCGTGC-1,L4
TAGACTGTCACTGGTA-1,Sst
TAGCACAAGAAAGCAG-1,L6 CT
TAGCACAAGGTCCTCG-1,Oligo
TAGCACAAGTTATGAG-1,L2/3 IT
TAGCACAGTAAAGGCC-1,Oligo
TAGCACAGTAGTATCC-1,L6 IT
TAGCACAGTCCAAGAG-1,L4
TAGCACATCCATGACA-1,L6 CT
TAGCACATCGTGGTAT-1,L6 CT
TAGCACATCTCTGACC-1,Oligo
TAGCATGAGACTTGAA-1,L5 IT
TAGCATGAGTCCCTCT-1,L4
TAGCATGAGTGAGCTG-1,Sst
TAGCATGCAGATGGCA-1,L2/3 IT
TAGCATGGTACCCACG-1,L2/3 IT
TAGCATGGTATTCGCA-1,L5 IT
TAGCATGGTCATTGCA-1,L6 CT
TAGCATGGTTGTCGGC-1,L5 IT
TAGCATGTCCGAATTG-1,L2/3 IT
TAGCCCTAGCAACTGG-1,L2/3 IT
TAGCCCTAGGCAGTGT-1,L2/3 IT
TAGCCCTAGTAGTTCC-1,L6 IT
TAGCCCTCAAATGTCC-1,Meis2
TAGCCCTCAATTAGGA-1,Oligo
TAGCCCTGTTTCTTAC-1,L6 IT
TAGCCCTTCGCAGATT-1,L6 CT
TAGCCCTTCGTGGGTC-1,Astro
TAGCCGGCAAGCCAGA-1,L2/3 IT
TAGCCGGGTATTCACG-1,Oligo
TAGCCGGGTCTGCGCA-1,L4
TAGCCGGGTGCTTACA-1,Meis2
TAGCGGCAGACACAAT-1,L4
TAGCGGCAGCGTATCT-1,L4
TAGCGGCAGGCCAGTA-1,Oligo
TAGCGGCAGGCGATTG-1,Oligo
TAGCGGCCATCTCACC-1,Astro
TAGCGGCCATGTCCCT-1,Astro
TAGCGGCTCCTCTCTT-1,Pvalb
TAGCTTTAGATTAGAC-1,Macrophage
TAGCTTTAGGAAGGTA-1,Pvalb
TAGCTTTAGTGTCACT-1,VLMC
TAGCTTTCAACTTGGT-1,Oligo
TAGCTTTCAAGCACTT-1,L4
TAGCTTTCATCCGTAA-1,L6 IT
TAGCTTTTCAGCCGAC-1,L2/3 IT
TAGCTTTTCTCTGCGT-1,L4
TAGGAGGAGGTACTCT-1,Meis2
TAGGAGGAGGTCCTCG-1,Oligo
TAGGAGGCAATCAGGG-1,Oligo
TAGGAGGCATGGCCGT-1,Pvalb
TAGGAGGGTGCTAGTT-1,L6 CT
TAGGAGGTCCATGACA-1,Lamp5
TAGGAGGTCCGTCAAA-1,L4
TAGGTCAAGGTGTCGA-1,L6 IT
TAGGTCACAACGTAGG-1,Astro
TAGGTCACACATGATC-1,L4
TAGGTCACAGACTAAA-1,L6 IT
TAGGTCACATGGGTGA-1,L4
TAGGTCAGTCCGGTAC-1,Oligo
TAGGTCATCCATAGGT-1,L2/3 IT
TAGGTCATCGACGGAA-1,L4
TAGGTCATCGCTTACC-1,L2/3 IT
TAGGTGTAGCAGAGCT-1,Astro
TAGGTGTAGCCAGAAC-1,Meis2
TAGGTGTAGCCGCAAA-1,Vip
TAGGTGTAGCTGCCAC-1,Macrophage
TAGGTGTAGGAAGGTA-1,L6 IT
TAGGTGTAGGGCATTG-1,Meis2
TAGGTGTCATCCGTGG-1,L4
TAGGTGTCATGTATCG-1,L4
TAGGTGTTCCAGTACA-1,L2/3 IT
TAGGTGTTCCTTGACC-1,Pvalb
TAGGTGTTCTGGCCAG-1,L6 CT
TAGTCCCAGTGAAACT-1,Astro
TAGTCCCGTCACAGTT-1,Astro
TAGTCCCTCTATGAGC-1,L4
TATCGAGAGGAGGCGA-1,L6 IT
TATCGAGGTGCAAGAC-1,L5 IT
TATCGAGTCGATAGGG-1,L6 CT
TATCGAGTCTTCTTCC-1,L2/3 IT
TATCTGTAGGTTTCTG-1,Oligo
TATCTGTCAGAAAGAG-1,Oligo
TATCTGTCAGATGGCA-1,Astro
TATCTGTGTAACAATG-1,L4
TATCTGTTCTCGCGTT-1,VLMC
TATGTGGAGCAGGAGG-1,L4
TATGTGGAGTCGAAAT-1,Sst
TATGTGGCAATGAAAC-1,Macrophage
TATGTGGCAATTGGCT-1,L6 CT
TATGTGGCACACATGT-1,L6 IT
TATGTGGCACCATTCC-1,L4
TATGTGGCATGATTGC-1,Oligo
TATGTGGTCCAACGCG-1,Macrophage
TATGTGGTCGCAAGCC-1,L2/3 IT
TATGTTCAGTTAGCAA-1,NP
TATGTTCCACTACACA-1,L4
TATGTTCCATGATTGC-1,Astro
TATGTTCTCACTCGGG-1,Oligo
TATGTTCTCCCACTAC-1,L2/3 IT
TATGTTCTCCGGACTG-1,Astro
TATGTTCTCTAGCAGT-1,Vip
TATGTTCTCTGACATG-1,Oligo
TATTGCTAGAGCTCCC-1,Vip
TATTGCTAGGGTCTGA-1,L6 CT
TATTGCTAGGTCTTGT-1,Macrophage
TATTGCTCACCACAGC-1,Oligo
TATTGCTTCAGTACAC-1,L6 IT
TATTGCTTCCTGTAGA-1,L6 IT
TCAAAGCCACACACAT-1,Lamp5
TCAAAGCCATGGGAAC-1,L4
TCAAAGCCATGGGACA-1,L6 CT
TCAAAGCCATGGGTGA-1,L5 IT
TCAAAGCCATTCACGA-1,Oligo
TCAAAGCCATTGTTCT-1,Peri
TCAAAGCGTGAGGGTT-1,Astro
TCAAAGCTCTATAGGC-1,L2/3 IT
TCAAGACCAAGACTTC-1,L6 IT
TCAAGACTCATGTTCT-1,Lamp5
TCAAGACTCCTGACCT-1,L4
TCAAGACTCGAGTGTT-1,L2/3 IT
TCAAGCAAGCATGTGG-1,Sst
TCAAGCAAGCGTTAGG-1,L6 IT
TCAAGCACAAGAGCGT-1,Meis2
TCAAGCACAAGTGGCA-1,L6 CT
TCAAGCAGTATCTGCA-1,L5 IT
TCAAGCATCAGATACC-1,L5 IT
TCAAGCATCAGGAATA-1,L4
TCAAGCATCCGGAAAG-1,L2/3 IT
TCAAGCATCGCGGCAT-1,Oligo
TCAAGCATCTAGCAGT-1,Oligo
TCAAGGTAGAAAGGGT-1,L5 IT
TCAAGGTAGCCATGGA-1,Macrophage
TCAAGGTAGGAAGAAC-1,Astro
TCAAGGTCAAGCGAAC-1,Oligo
TCAAGGTCAATGCACT-1,Oligo
TCAAGGTCAGAAAGAG-1,L6 CT
TCAAGGTCAGAGTCGA-1,L2/3 IT
TCAAGGTCATCGACCG-1,Astro
TCAAGGTGTAGTAACA-1,VLMC
TCAAGGTGTCTCTAAG-1,Macrophage
TCAAGGTTCCGATTGA-1,Macrophage
TCAAGGTTCTCGCGGA-1,L2/3 IT
TCAATTCAGAGTCCGA-1,L6b
TCAATTCAGGGTATCG-1,L4
TCAATTCCAAGCGGTA-1,L6b
TCAATTCCACTGGGCT-1,L4
TCAATTCGTATCACAC-1,Oligo
TCAATTCGTGACGCAA-1,L2/3 IT
TCAATTCGTTAGGCTT-1,L4
TCAATTCTCATTCGGA-1,L4
TCACAAGAGAATCAAC-1,Oligo
TCACAAGAGTTCAAGA-1,L6 CT
TCACAAGCACTCGTGG-1,L2/3 IT
TCACAAGGTCATAGCT-1,L5 PT
TCACAAGGTGCTAGTT-1,L2/3 IT
TCACAAGGTGTTTCTT-1,L2/3 IT
TCACAAGGTTCCCGGA-1,Astro
TCACAAGGTTGTCGGC-1,Oligo
TCACAAGTCCAACCTC-1,Oligo
TCACAAGTCCTTCGAC-1,L2/3 IT
TCACAAGTCGCCCTTA-1,L6 IT
TCACAAGTCGTTTGAG-1,L6 CT
TCACAAGTCTTCATAC-1,L2/3 IT
TCACAGAAGAGAGGTA-1,L2/3 IT
TCACAGAAGTAACACA-1,Macrophage
TCACAGACAAACCGAG-1,L2/3 IT
TCACAGAGTAATGTAG-1,Macrophage
TCACAGAGTCGCGCTA-1,L2/3 IT
TCACAGATCGCATACA-1,L6 IT
TCACAGATCGTGGCGT-1,L4
TCACCACCAAGCCCTG-1,Lamp5
TCACCACCATAGCCAT-1,Astro
TCACCACCATTAAGGA-1,Astro
TCACCACCATTCGTCC-1,Oligo
TCACCACTCAACGTGT-1,L6 CT
TCACCTGAGATATGTG-1,L4
TCACCTGAGCACGTAG-1,L4
TCACCTGAGCAGAATT-1,Astro
TCACCTGAGGCCTCTG-1,L4
TCACCTGCAAATAGTG-1,Macrophage
TCACCTGCAACTACTG-1,Astro
TCACCTGCACAGTTAC-1,L6 IT
TCACCTGCACTGAAGG-1,Astro
TCACCTGGTAATGTGA-1,L4
TCACCTGGTCACATTG-1,Oligo
TCACCTGGTGGGTAGT-1,Oligo
TCACCTGGTGTCCCAG-1,L5 IT
TCACTCGAGGTTGACG-1,Pvalb
TCACTCGCAAGCACTT-1,L6 CT
TCACTCGGTAACTCCA-1,Oligo
TCACTCGGTAATGCAA-1,L4
TCACTCGGTGACCAGA-1,L2/3 IT
TCACTCGTCAAACCCA-1,L4
TCACTCGTCCTTACGC-1,Astro
TCACTCGTCTTACTCA-1,Astro
TCAGCTCAGAACAGGA-1,L6 CT
TCAGCTCAGAATACTG-1,L5 IT
TCAGCTCAGTGAGCTG-1,L4
TCAGCTCCAAAGAAGG-1,Sst
TCAGCTCCAACTACTG-1,Vip
TCAGCTCCAGTTGGAG-1,L4
TCAGCTCGTAGACGCA-1,L4
TCAGCTCGTCGATTAC-1,L4
TCAGCTCGTTTAAGCC-1,L2/3 IT
TCAGCTCGTTTAAGGA-1,Astro
TCAGGGCAGGTCCTCG-1,L6 CT
TCAGGGCCAGCTATAC-1,Oligo
TCAGGGCCAGTTAAAG-1,L2/3 IT
TCAGGGCGTATGGTTC-1,L4
TCAGGGCGTCTCAAAC-1,L6 CT
TCAGGGCTCCCAGTAA-1,Oligo
TCAGGGCTCGGAAAGC-1,L6 IT
TCAGGGCTCGGGCTCA-1,L2/3 IT
TCAGGTAAGACAGCTG-1,L6 CT
TCAGGTAAGATCGCCC-1,Macrophage
TCAGGTACAGCGCGTT-1,Oligo
TCAGGTAGTGATAAGT-1,L6 IT
TCAGGTAGTTCAGTTG-1,L2/3 IT
TCAGGTAGTTCTTTCA-1,Astro
TCAGGTATCTCTGTTA-1,L6 IT
TCAGGTATCTTCATAC-1,Pvalb
TCAGTCCCAATTCGTG-1,L6 CT
TCAGTCCCACCTATTT-1,L6 IT
TCAGTCCCAGTAACTC-1,L2/3 IT
TCAGTCCCAGTAGTCT-1,Macrophage
TCAGTCCCATTTCACT-1,Sst
TCAGTCCGTCGCTAGC-1,L2/3 IT
TCAGTCCTCTTTATCG-1,L4
TCAGTTTAGAGTAAGG-1,L4
TCAGTTTAGCGAGCTA-1,Vip
TCAGTTTCAAGAGCGT-1,L6 CT
TCAGTTTCACCTACCT-1,L4
TCAGTTTCATGACTGT-1,Pvalb
TCAGTTTGTCCATTGA-1,L4
TCAGTTTGTTAACCGT-1,L6 CT
TCCAGAAAGAAGAGTG-1,Pvalb
TCCAGAAAGATATGAC-1,VLMC
TCCAGAAAGGGTTCTT-1,L2/3 IT
TCCAGAACAAGACTTC-1,L2/3 IT
TCCAGAACAATCATCG-1,L4
TCCAGAACATAGGCGA-1,Pvalb
TCCAGAAGTAGTGATA-1,L6 CT
TCCAGAAGTATTTGCG-1,L2/3 IT
TCCAGAAGTCATCGTA-1,L4
TCCAGAAGTTTGACCA-1,L4
TCCAGAATCAGGAAGC-1,Macrophage
TCCAGAATCCAGGCCA-1,L2/3 IT
TCCATCGAGAGAGTTT-1,L2/3 IT
TCCATCGAGCAGGAGG-1,L2/3 IT
TCCATCGAGCCTTTGA-1,L5 PT
TCCATCGAGTACCTCA-1,Oligo
TCCATCGCACACACAT-1,L5 IT
TCCATCGCACGCTGTG-1,Oligo
TCCATCGTCTCATCCG-1,L2/3 IT
TCCATCGTCTGAACGT-1,Oligo
TCCCACAAGTAACATG-1,L5 IT
TCCCACAAGTCACGCC-1,Macrophage
TCCCACACAACGTACT-1,Astro
TCCCACACAATGATGA-1,L2/3 IT
TCCCACAGTAACCATC-1,Oligo
TCCCACAGTATCTCAG-1,Vip
TCCCACAGTGTGACCC-1,L2/3 IT
TCCGACTAGATCACCT-1,Astro
TCCGACTAGCCTGTAT-1,L2/3 IT
TCCGACTTCCTGTGGG-1,L6 IT
TCGAGCGAGGAGGCGA-1,L4
TCGAGCGAGTCTCTAG-1,Oligo
TCGAGCGCAGGTAGCA-1,L2/3 IT
TCGAGCGGTAACCGAG-1,Astro
TCGAGCGGTACAACGG-1,Oligo
TCGAGCGGTCCTATTT-1,Meis2
TCGAGCGGTGCAAGAC-1,L2/3 IT
TCGAGCGTCCACTAGA-1,L4
TCGAGCGTCCCTATTA-1,L4
TCGATTTAGGATCCTT-1,Oligo
TCGATTTCAGAACGAC-1,Oligo
TCGATTTCAGCGTACC-1,Sst
TCGATTTGTATCTCAG-1,L5 IT
TCGATTTGTCGCTAGC-1,L4
TCGATTTTCGGCAATT-1,L6b
TCGATTTTCGTGGAAG-1,Astro
TCGCAGGAGAATACTG-1,L2/3 IT
TCGCAGGAGTCGTACT-1,L2/3 IT
TCGCAGGCATTCTTTG-1,Macrophage
TCGCAGGGTAGCGTTT-1,Pvalb
TCGCAGGGTCGTAATC-1,Astro
TCGCAGGGTCTGGATT-1,Lamp5
TCGCAGGGTGAGTCGA-1,L6 IT
TCGCAGGTCCTTCGAC-1,Meis2
TCGCCTAAGACACGGT-1,Vip
TCGCCTAAGACTCGGA-1,L6 CT
TCGCCTAAGTTCAGGG-1,Oligo
TCGCCTACATGCCCTT-1,L2/3 IT
TCGCCTACATTACACG-1,L6 CT
TCGCCTAGTGCCCAGT-1,L5 IT
TCGCCTAGTTATGCAC-1,L4
TCGCCTATCAGGCCGT-1,Pvalb
TCGCCTATCTATCTCA-1,Astro
TCGCCTATCTATCTTG-1,Oligo
TCGGGACAGATACCAA-1,Lamp5
TCGGGACAGTAGAAGG-1,L2/3 IT
TCGGGACAGTTCGCGC-1,Oligo
TCGGGACCAAACGACG-1,L2/3 IT
TCGGGACCAACTACTG-1,Oligo
TCGGGACCAAGCAGGT-1,Pvalb
TCGGGACCACCTGAAT-1,Lamp5
TCGGGACCAGGATGTG-1,Astro
TCGGGACCAGGTTATC-1,Vip
TCGGGACCAGTAACTC-1,L2/3 IT
TCGGGACTCCCAGCGA-1,L6 CT
TCGGGACTCCGGGCAT-1,Astro
TCGGGACTCGGGCTCA-1,Sst
TCGTTCGAGTAGACCG-1,L4
TCGTTCGAGTATGGGC-1,Oligo
TCGTTCGCAATGCCAT-1,L2/3 IT
TCGTTCGCAATGGCTT-1,L2/3 IT
TCGTTCGCAGGTCTGC-1,Oligo
TCGTTCGCATTCCCGT-1,L6 CT
TCGTTCGGTAAGTGCG-1,L6 IT
TCGTTCGTCGACTCGG-1,Macrophage
TCTAGTTAGAGGAAGT-1,Macrophage
TCTAGTTAGCTAACAA-1,Astro
TCTAGTTAGGCAGATC-1,L6 CT
TCTAGTTCAAGTCTGT-1,Macrophage
TCTAGTTCACAGATGG-1,L5 IT
TCTAGTTCACTCAGCG-1,L4
TCTAGTTGTAGCTGTT-1,L4
TCTAGTTGTCGCTAGC-1,Pvalb
TCTAGTTTCATTCATC-1,NP
TCTAGTTTCCGATTGA-1,L4
TCTATTGAGAACTAAC-1,Meis2
TCTATTGCACTGCTCT-1,L5 IT
TCTATTGCAGCAGGTA-1,Oligo
TCTATTGCAGGTGGTA-1,L6 IT
TCTATTGCATGCGCTG-1,Pvalb
TCTATTGGTATCGCGC-1,L4
TCTATTGGTCGAGGTA-1,L4
TCTATTGGTTTCTCTA-1,Sst
TCTATTGTCCCTACCA-1,L6 IT
TCTATTGTCCTGTAGA-1,L5 PT
TCTCAGCAGGACTTTC-1,Oligo
TCTCAGCAGGTAGGAA-1,L5 IT
TCTCAGCCATTGAACC-1,L6 IT
TCTCAGCGTGACGCAA-1,L2/3 IT
TCTCAGCGTTCCATCC-1,L5 PT
TCTCAGCGTTTCGTTT-1,L4
TCTCAGCTCACACGTA-1,Peri
TCTCTGGAGAATGCTA-1,L4
TCTCTGGAGTACCCAT-1,Macrophage
TCTCTGGCAGTAAGCG-1,L6 CT
TCTCTGGCATTACTTC-1,L2/3 IT
TCTCTGGGTGTCCAGC-1,L2/3 IT
TCTCTGGTCGCACCGA-1,Oligo
TGAATCGAGTCTGGGA-1,L4
TGAATCGGTGAGTTGG-1,L2/3 IT
TGAATCGGTTTAGAAG-1,L2/3 IT
TGAATCGTCGTGCTTC-1,L2/3 IT
TGACAACAGACAACGC-1,Oligo
TGACAACCAAACTACC-1,NP
TGACAACCATATTGGC-1,L2/3 IT
TGACAACCATCCGTGG-1,L2/3 IT
TGACAACGTGCACATT-1,L2/3 IT
TGACAACGTTTAAGCC-1,Oligo
TGACAACTCGCCTTAC-1,Endo
TGACAACTCTATCTCA-1,L4
TGACTCCAGACAACGC-1,Lamp5
TGACTCCAGTGCCCTG-1,Astro
TGACTCCCAGGTAGCA-1,Oligo
TGACTCCCATTGTTCT-1,Meis2
TGACTCCGTATCTGCA-1,Oligo
TGACTCCTCCAGTTAG-1,L4
TGACTCCTCTTGTGCC-1,L4
TGAGCCGAGTGATCTC-1,L4
TGAGTCAAGCTGAATA-1,VLMC
TGAGTCAAGGTGTCGA-1,Macrophage
TGAGTCAAGTCACACT-1,Macrophage
TGAGTCACAAAGCTGG-1,L6 CT
TGAGTCACAACAACTC-1,L4
TGAGTCACAGGTTATC-1,L4
TGAGTCAGTCAACGGA-1,L2/3 IT
TGAGTCATCGCTATTT-1,L2/3 IT
TGAGTCATCTACTTTG-1,L6b
TGAGTCATCTCTTAAC-1,L6 CT
TGATCAGCACAATAAG-1,L4
TGATCAGCATTGCCTC-1,L2/3 IT
TGATCAGCATTTCTTG-1,L2/3 IT
TGATCAGGTCGATAGG-1,Astro
TGATCAGGTTCCCGGA-1,Astro
TGATCAGGTTTGTACG-1,Oligo
TGATCAGTCACACGTA-1,L4
TGATCAGTCACTTACT-1,Oligo
TGATCAGTCCTATCCG-1,L2/3 IT
TGATGCAAGTAGTCGG-1,L4
TGATGCAAGTCCAGAG-1,L2/3 IT
TGATGCACAACTCCCT-1,L2/3 IT
TGATGCACATGCTATG-1,Oligo
TGATGCACATTTGGCA-1,Oligo
TGATGCATCCAATAGC-1,Oligo
TGATGCATCCGAGGAA-1,Lamp5
TGATGCATCCGGCTGA-1,Sst
TGATTTCCAGAACTTC-1,Oligo
TGATTTCCATTCACCC-1,L6 CT
TGATTTCGTATCCTTT-1,L2/3 IT
TGATTTCGTCAAATCC-1,L4
TGATTTCTCGAACACT-1,L2/3 IT
TGCACCTAGCCATTCA-1,L2/3 IT
TGCACCTAGTACAACA-1,Astro
TGCACCTAGTACAGTA-1,L6 IT
TGCACCTCAGAGCCAA-1,Astro
TGCACCTGTTGTCGGC-1,L4
TGCACCTTCGTTCAGA-1,L4
TGCATGAAGCATGATA-1,Astro
TGCATGACAGCCGAAA-1,Macrophage
TGCATGACATTTGGTG-1,Endo
TGCATGAGTATCTCAG-1,L2/3 IT
TGCATGAGTATCTGCA-1,L6 CT
TGCATGAGTCATCAAC-1,L6 CT
TGCATGATCCAGGTCG-1,L2/3 IT
TGCATTTCAGGCAAGT-1,L4
TGCATTTCAGTCCTGG-1,NP
TGCATTTGTAGAAAGG-1,L6 CT
TGCATTTGTCACCGCA-1,L4
TGCATTTGTCCCGAGT-1,Pvalb
TGCATTTTCGTGGGTC-1,L4
TGCATTTTCGTTGTAG-1,L2/3 IT
TGCCTCAAGCGCAATG-1,L6 IT
TGCCTCACAACTAGAA-1,Oligo
TGCCTCACACAAACGG-1,L2/3 IT
TGCCTCAGTAATGCCT-1,Astro
TGCCTCAGTATGGGTG-1,Astro
TGCCTCAGTGATGCTT-1,Oligo
TGCCTCAGTGTCGTCG-1,Lamp5
TGCCTGTCAAGTCTCA-1,L6 IT
TGCCTGTCACAAGTGG-1,L2/3 IT
TGCCTGTCATTTCTTG-1,L5 IT
TGCCTGTGTTGAAGCG-1,L4
TGCGTAACAAAGAAGG-1,L5 IT
TGCGTAACATCCGTAA-1,L6 CT
TGCGTAACATGATTGC-1,L6 CT
TGCGTAAGTCCAAGTT-1,L5 IT
TGCGTAAGTCCCTTTG-1,Macrophage
TGCGTAAGTGCGCATC-1,Astro
TGCGTAAGTTCCCAAA-1,L2/3 IT
TGCGTAATCACATCCC-1,Macrophage
TGCGTAATCTATCTTG-1,L4
TGCGTAATCTTTCGAT-1,Oligo
TGCTATTAGCTAGTTC-1,L6 IT
TGCTATTAGTGAAACT-1,L4
TGCTATTCATCCCAAA-1,L6 IT
TGCTATTGTGGAAGCT-1,Oligo
TGCTATTTCACTAGGT-1,Macrophage
TGCTCACAGGCACTAG-1,Astro
TGCTCACCAAGTGGCA-1,Macrophage
TGCTCACCAGAAGTGC-1,Oligo
TGCTCACGTATCATGC-1,L2/3 IT
TGCTCACGTCCGCTTT-1,Oligo
TGCTCACTCCTATCAT-1,L2/3 IT
TGCTCACTCCTCTCTT-1,Oligo
TGCTCGTAGCATTGGG-1,Astro
TGCTCGTCATCCTGGG-1,L6 CT
TGCTCGTCATTGATGC-1,L5 IT
TGCTCGTGTGTCGTGC-1,L2/3 IT
TGCTCGTGTTCTTTGT-1,Sst
TGCTCGTTCTCTGTTA-1,NP
TGCTCGTTCTGGCTAA-1,Oligo
TGCTTCGCAGGTGTGA-1,L6 CT
TGCTTCGGTTATAGAG-1,L4
TGCTTCGTCCTCTCTT-1,NP
TGCTTTAAGCTACGTT-1,Macrophage
TGCTTTAAGTTCAGGG-1,L5 IT
TGCTTTACAATAGCGG-1,L4
TGCTTTACATCAGCTA-1,Pvalb
TGCTTTACATCCTCGT-1,Pvalb
TGCTTTACATCGTACA-1,L5 IT
TGCTTTAGTCCAAGAG-1,L2/3 IT
TGCTTTAGTCCTCAGG-1,L5 IT
TGCTTTAGTCTCTGCT-1,L5 PT
TGCTTTATCACTCCCA-1,Oligo
TGGAAGGAGAGCACTG-1,Macrophage
TGGAAGGAGTAGGTCG-1,L2/3 IT
TGGAAGGAGTTTACGC-1,L6 IT
TGGAAGGCATCAGCTA-1,Macrophage
TGGAAGGGTGTCCAGC-1,L6 CT
TGGAAGGGTGTCGTGC-1,Astro
TGGAAGGGTTCTTATC-1,L6 CT
TGGAAGGTCAGTGTGT-1,L4
TGGAAGGTCTTGCGCT-1,L4
TGGACATAGATGGGAA-1,Oligo
TGGACATAGCGCACAA-1,L5 PT
TGGACATAGCTATCGT-1,Oligo
TGGACATAGTGTAATG-1,L5 IT
TGGACATCAATCAGGG-1,L2/3 IT
TGGACATTCCTCCATG-1,Pvalb
TGGACATTCGCAAACT-1,L2/3 IT
TGGACATTCTAAACGC-1,L4
TGGACATTCTATCTTG-1,L6 CT
TGGACATTCTTGTGCC-1,L4
TGGCAATAGAGTGGAA-1,L2/3 IT
TGGCAATAGGTGTCGA-1,Macrophage
TGGCAATAGTCCAGAG-1,Sst
TGGCAATCAAGGAAGA-1,L6 IT
TGGCAATGTACCCATA-1,Sst
TGGCAATGTTATAGAG-1,Oligo
TGGCCTTAGCTGGAGT-1,Astro
TGGCCTTAGGTCGTTT-1,L4
TGGCCTTAGTCCCGCA-1,Oligo
TGGCCTTCAAATTCCG-1,Pvalb
TGGCCTTCACCACCAG-1,Astro
TGGCCTTGTATCTGCA-1,Astro
TGGCCTTGTCACTCTC-1,L4
TGGCCTTGTCCAAGTT-1,Oligo
TGGCCTTGTTGCTTGA-1,Vip
TGGCCTTGTTGGACGA-1,Pvalb
TGGCGCAAGAGTAAGG-1,L2/3 IT
TGGCGCAAGTAACACA-1,Pvalb
TGGCGCACAACTACTG-1,L4
TGGCGCACAGAAAGAG-1,Oligo
TGGCGCACATCCCGGA-1,L5 IT
TGGCGCACATTTCTTG-1,L5 PT
TGGCGCAGTATGGTTC-1,Astro
TGGCGCAGTCCAGACC-1,L4
TGGCGCATCACATCCC-1,Oligo
TGGCGCATCGTCAACA-1,L6 CT
TGGGTGCAGAGTAAGG-1,L2/3 IT
TGGGTGCCATTGTTCT-1,Sst
TGGGTGCGTCCAGACC-1,L5 IT
TGGGTGCTCAGGTCTA-1,L5 PT
TGGGTGCTCTGAGTCA-1,L6 CT
TGGGTTACAATTGCCA-1,L4
TGGGTTACACGCTAAT-1,Endo
TGGGTTAGTCACCGCA-1,L6 CT
TGGGTTAGTCCATTGA-1,L4
TGGGTTATCACGATTG-1,Astro
TGGGTTATCCACTAGA-1,L4
TGGTCAAAGATCGAGC-1,L2/3 IT
TGGTCAATCACCCTTG-1,Pvalb
TGGTCAATCATCGCCT-1,Macrophage
TGGTCAATCCATAACG-1,Astro
TGGTCCTAGAAACGCC-1,NP
TGGTCCTAGTTACACC-1,Pvalb
TGGTCCTCATTCCCGT-1,L2/3 IT
TGGTCCTGTATGGGTG-1,L2/3 IT
TGGTCCTGTCCGTCGA-1,L6 CT
TGGTCCTTCATGAACC-1,Lamp5
TGTAAGCAGAAATTCG-1,L2/3 IT
TGTAAGCAGGCCTCTG-1,L6 CT
TGTAAGCAGTAACTCC-1,L2/3 IT
TGTAAGCAGTGAGCTG-1,L5 IT
TGTAAGCCAAATAGTG-1,L6 CT
TGTAAGCCATCCCTCA-1,Macrophage
TGTAAGCGTATTCTGG-1,L6 IT
TGTACAGGTGCCGGTT-1,L5 IT
TGTACGAAGGATTGAT-1,L4
TGTACGAAGGGTGTTG-1,Macrophage
TGTACGACAGCGTAGA-1,L2/3 IT
TGTACGAGTTTGCGAT-1,VLMC
TGTACGATCAGGTCTA-1,L2/3 IT
TGTAGCAAGAGAATTC-1,L2/3 IT
TGTAGCAGTCAATACC-1,L5 PT
TGTAGCAGTCCCGTGA-1,L5 IT
TGTAGCATCATCATGG-1,Oligo
TGTGACAAGAGGCCTA-1,L4
TGTGACAGTCCGTGCA-1,Pvalb
TGTGACAGTGGGTAGT-1,L6 IT
TGTGACAGTGGTCGAA-1,L5 IT
TGTGACAGTGTCTACA-1,L2/3 IT
TGTGACAGTTCTACCC-1,Astro
TGTGACAGTTTCACCC-1,L6 IT
TGTGACATCGTGAGTT-1,Astro
TGTGACATCTCGTGAA-1,Oligo
TGTGACATCTGGACAT-1,L2/3 IT
TGTGGCGAGACCCATT-1,Oligo
TGTGGCGCACGCCGAT-1,L2/3 IT
TGTGGCGCACTAGCCG-1,Macrophage
TGTGGCGGTCGCTAGC-1,L2/3 IT
TGTGGCGGTGCCCTAG-1,L4
TGTGGCGTCTTAAGCG-1,Oligo
TGTGTCCAGATCTAAG-1,Meis2
TGTGTCCAGCATTCCA-1,L2/3 IT
TGTGTCCAGTGATATG-1,Astro
TGTGTCCCAGAACTTC-1,L6 CT
TGTGTCCGTAAGCCTT-1,L6 IT
TGTGTCCGTGCCGGTT-1,L5 PT
TGTGTCCGTTCTGAGT-1,Oligo
TGTGTCCGTTTCGATG-1,Astro
TGTGTCCTCAAGGCAG-1,L4
TGTTAGGAGATGCGCA-1,L6 IT
TGTTAGGAGCACACCC-1,L6 IT
TGTTAGGAGTGTCACT-1,Astro
TGTTAGGCAAGTCTGT-1,Pvalb
TGTTAGGCATTGTTCT-1,L5 PT
TGTTAGGGTCGAGGTA-1,Oligo
TGTTAGGTCAGGTCTA-1,Astro
TGTTAGGTCTTGGCCT-1,Oligo
TGTTAGGTCTTGTGCC-1,L6 IT
TTAACGGAGCGCACAA-1,L2/3 IT
TTAACGGAGGCGTCCT-1,Oligo
TTAACGGCACACACCG-1,L2/3 IT
TTAACGGGTTGCTTGA-1,Oligo
TTAACGGTCAACACGT-1,L6 IT
TTAACGGTCACCCGGA-1,L2/3 IT
TTAACGGTCACGTGTA-1,L2/3 IT
TTACCCGAGTACCTCA-1,Sst
TTACCCGCAACAAACA-1,L6 CT
TTACCCGCACTCGGAC-1,L2/3 IT
TTACCCGCAGACCTGC-1,L2/3 IT
TTACCCGTCACTCCCA-1,L2/3 IT
TTACCCGTCAGTCAAC-1,L6 CT
TTACCCGTCATCGCCT-1,L6 CT
TTACCGCCACATTGCA-1,Macrophage
TTACCGCGTACTTGAC-1,Vip
TTACCGCGTCCGCTTT-1,L2/3 IT
TTACCGCTCCAGGTCG-1,Pvalb
TTACGGAAGACTAATG-1,L6 IT
TTACGGAAGTGAACCG-1,L6 IT
TTACGGACAACGTCCG-1,L4
TTACGGAGTACTAGAA-1,Oligo
TTACGGAGTAGCGGTA-1,VLMC
TTACGGAGTAGGGTTG-1,Oligo
TTACGGAGTGAGTTGG-1,Astro
TTACGGATCACCCGGA-1,L6 IT
TTACGGATCTCCAACC-1,Oligo
TTACGGATCTTAACGG-1,L2/3 IT
TTACGTTAGTGCACAG-1,L4
TTACGTTCAAATTCCG-1,L2/3 IT
TTACGTTCACAGCTTA-1,L5 IT
TTACGTTGTCATTGGT-1,L6 CT
TTACGTTGTGTGCTTA-1,Macrophage
TTACGTTGTTGGCTAT-1,L6 IT
TTACGTTTCCGTGCGA-1,L2/3 IT
TTACGTTTCTAGTCGA-1,L6 CT
TTACTCACACGCGTTG-1,L5 PT
TTACTCACACGGTTAT-1,Astro
TTACTCACATGCCTTC-1,L2/3 IT
TTACTCAGTAAGTCTC-1,L5 PT
TTACTCAGTTAGTAGA-1,L5 IT
TTACTCAGTTGTGACT-1,L4
TTACTCATCACAACAC-1,L6b
TTACTCATCCAGAGAG-1,L2/3 IT
TTACTCATCGTATAGC-1,VLMC
TTACTCATCTTCTTCC-1,L5 PT
TTACTTGAGTCGGGAT-1,L4
TTACTTGCACAAGGGT-1,L5 IT
TTACTTGCACACATTG-1,L6 IT
TTACTTGGTCAACTGT-1,Meis2
TTACTTGTCACGATTG-1,L4
TTAGCGAAGACTTCCA-1,L6 CT
TTAGCGAAGTCCGTGC-1,L2/3 IT
TTAGCGACAACGACAG-1,L4
TTAGCGACACAAGGGT-1,Vip
TTAGCGACAGAACAGC-1,Oligo
TTAGCGACAGCGTGAA-1,Oligo
TTAGCGATCCCACGGA-1,L2/3 IT
TTAGCGATCTGACTTT-1,L2/3 IT
TTAGCTTCATCCCTCA-1,Macrophage
TTAGCTTGTTCCAGTA-1,Meis2
TTAGCTTTCCCGTATC-1,L4
TTAGCTTTCGGGATCC-1,L6 IT
TTAGGTGAGGGTGTTG-1,L4
TTAGGTGAGTGCTGAG-1,Oligo
TTAGGTGCACCGATCG-1,Macrophage
TTAGGTGTCCTCAAGA-1,L4
TTAGGTGTCGACTGGC-1,L6 IT
TTAGGTGTCTGGCTAA-1,L2/3 IT
TTATGTCAGAAATGGG-1,L6 IT
TTATGTCAGAGGAATG-1,L2/3 IT
TTATGTCAGTGAATAC-1,L4
TTATGTCCAGCAACCC-1,L2/3 IT
TTATGTCCATTAACGC-1,Macrophage
TTATGTCGTAGCAGCA-1,Oligo
TTCAACTAGAAATTCG-1,Astro
TTCAACTAGAGAAGCA-1,Astro
TTCAACTCAAACGACG-1,L6 CT
TTCAACTCAAGGAAGA-1,L6 IT
TTCAACTCAGGACCTC-1,L4
TTCAACTCATTTCTTG-1,Lamp5
TTCAACTGTCAAATCC-1,L5 IT
TTCATCAAGCAGGACT-1,Macrophage
TTCATCAGTAGTGATA-1,L4
TTCATCAGTATTCTTC-1,L2/3 IT
TTCATCAGTGTAGGAC-1,L5 IT
TTCATCATCGGTACTA-1,Astro
TTCATTGAGAAATACC-1,Oligo
TTCATTGAGCCGCAAA-1,Oligo
TTCATTGAGGGTCCCT-1,L2/3 IT
TTCATTGCATCCTGGG-1,L5 IT
TTCATTGGTGCACCCA-1,L4
TTCATTGTCCATCTAT-1,Astro
TTCATTGTCTTTGCAT-1,L2/3 IT
TTCGATTAGACCATAA-1,L2/3 IT
TTCGATTAGGATGTCG-1,L4
TTCGATTAGGGAGTTC-1,L2/3 IT
TTCGATTCAACACGGA-1,L2/3 IT
TTCGCGTAGAGCGAAA-1,Lamp5
TTCGCGTAGCAGAATT-1,L4
TTCGCGTAGCGAGAAA-1,Macrophage
TTCGCGTCAATGTAAG-1,L4
TTCGCGTGTAAGCCGA-1,Astro
TTCGCGTGTCAGGTGA-1,Astro
TTCGCGTGTCTGCACG-1,L5 IT
TTCGCGTGTGATGTGG-1,L4
TTCGCGTTCATCATGG-1,L4
TTCGCGTTCGCTTACC-1,L5 PT
TTCGCGTTCTGCCGAG-1,L6 CT
TTCGGTCAGACTCTTG-1,L2/3 IT
TTCGGTCAGCAGGACT-1,Macrophage
TTCGGTCGTCCGCTTT-1,Lamp5
TTCGGTCGTGAATCAA-1,L5 PT
TTCGGTCTCAGAACGG-1,Macrophage
TTCGGTCTCATCGCCT-1,L4
TTCGTTAAGAATGCTA-1,Lamp5
TTCGTTAAGTGCCCTG-1,L2/3 IT
TTCGTTACAGGGTACA-1,L2/3 IT
TTCGTTATCGGATAAA-1,L5 IT
TTCTAACAGAGCTCCC-1,L2/3 IT
TTCTAACAGCAGGACT-1,Astro
TTCTAACAGTAGACCG-1,L4
TTCTAACAGTGAACCG-1,L5 PT
TTCTAACCAGGTGTGA-1,Pvalb
TTCTAACCAGTAGTCT-1,L6 CT
TTCTAACGTCATCAAC-1,L6 CT
TTCTAACGTCCCGTGA-1,L2/3 IT
TTCTAACGTCGAGAAC-1,Oligo
TTCTAACGTGAGTTGG-1,L2/3 IT
TTCTAACGTTATAGAG-1,L5 IT
TTCTAACTCGCACAAT-1,L2/3 IT
TTCTGTAAGCCTGTAT-1,L2/3 IT
TTCTGTAAGTATAGTG-1,Astro
TTCTGTACAATACTGC-1,Oligo
TTCTGTACATATAGAG-1,VLMC
TTCTGTAGTCGATTAC-1,L6b
TTCTGTAGTTTGATCG-1,Macrophage
TTGACGAAGGAGAACA-1,L2/3 IT
TTGACGAAGGGCATTG-1,L6b
TTGACGAGTATCTCAG-1,L6 IT
TTGACGAGTGATAGAT-1,L4
TTGACGAGTTCAGTTG-1,Macrophage
TTGACGATCCTCATTA-1,L6 IT
TTGAGCAAGATCGATA-1,L5 IT
TTGAGCACATGTCCCT-1,L4
TTGAGCAGTAACGGTG-1,Astro
TTGAGCAGTAGGTCTT-1,Vip
TTGAGCAGTAGTATCC-1,Astro
TTGAGCAGTGGATTCT-1,L6 IT
TTGAGCATCGATCTTT-1,L2/3 IT
TTGAGTGAGGCAGTGT-1,L4
TTGAGTGAGGCGACTA-1,Macrophage
TTGAGTGCAATACTGC-1,L2/3 IT
TTGAGTGGTAACACTC-1,L2/3 IT
TTGAGTGGTCAACAGG-1,Vip
TTGAGTGTCATCGCAA-1,L6 IT
TTGAGTGTCCAAGTCA-1,L4
TTGAGTGTCTTGGCCT-1,L4
TTGCACCAGATTCCGT-1,L5 PT
TTGCACCGTTTCGACA-1,L6 CT
TTGCAGAAGTGCTCGC-1,L5 PT
TTGCAGACATCCCAAA-1,L2/3 IT
TTGCAGAGTACTTGAC-1,L2/3 IT
TTGCAGAGTGAATCAA-1,L6 CT
TTGCAGAGTTAGTAGA-1,Astro
TTGCAGAGTTTCCGGG-1,Pvalb
TTGCAGATCACACGTA-1,L4
TTGCCCAAGAGTTTGA-1,L6 IT
TTGCCCAAGCGTTGCC-1,Astro
TTGCCCACACATCATG-1,L5 PT
TTGCCCACATTCGTCC-1,L2/3 IT
TTGCCCAGTAACTGAA-1,Astro
TTGCCCAGTACCAAGG-1,Oligo
TTGCCCAGTGCAACAG-1,Macrophage
TTGCCCATCTGAGTCA-1,L6 CT
TTGCCCATCTGTTTAC-1,Oligo
TTGCGAAAGGTGTCGA-1,Astro
TTGCGAACAAACGTTC-1,L6b
TTGCGAACAATGCATC-1,Vip
TTGCGAACAATGGTCT-1,Astro
TTGCGAACAATTCGTG-1,Oligo
TTGCGAACACACTAGT-1,L4
TTGCGAAGTAAGTGCG-1,Astro
TTGCGAAGTTTGCGAT-1,Astro
TTGCGAATCAGTGTAC-1,L4
TTGCGGGAGTCCGTGC-1,L5 IT
TTGCGGGCAATGGCTT-1,Lamp5
TTGCGGGGTATCCCTC-1,L4
TTGCGGGGTCCCGTGA-1,Oligo
TTGCGGGTCAACTTGG-1,Oligo
TTGCGGGTCGCCTTAC-1,L5 IT
TTGCGGGTCGCGGCAT-1,L6 IT
TTGCGGGTCTACCCGT-1,Astro
TTGCTATAGAGGTGGG-1,Lamp5
TTGCTATAGCGTCTGC-1,L2/3 IT
TTGCTATAGGCAATTA-1,L6 CT
TTGCTATGTACGGAGT-1,Lamp5
TTGCTATGTCAACTGT-1,L5 IT
TTGCTATTCCTAAAGC-1,Pvalb
TTGCTATTCCTGGGAC-1,L4
TTGCTATTCGCCGAAC-1,Oligo
TTGCTTAAGTGAATAC-1,NP
TTGCTTACAATGGCAG-1,L5 PT
TTGCTTAGTATGTCCA-1,Astro
TTGCTTAGTATTGTGC-1,L4
TTGCTTAGTCATTGCA-1,Oligo
TTGCTTAGTCCTATTT-1,Vip
TTGCTTAGTCTGGTCG-1,L5 PT
TTGCTTAGTGAATGGC-1,L6b
TTGCTTAGTTCCAGTA-1,L4
TTGCTTATCAAAGTAG-1,Oligo
TTGCTTATCCATCATT-1,Macrophage
TTGCTTATCGCGCCAA-1,L2/3 IT
TTGCTTATCTTACGGA-1,Astro
TTGGTCCAGCAGGACT-1,Oligo
TTGGTCCAGGTCACTT-1,Oligo
TTGGTCCCATCGCTAA-1,L5 IT
TTGGTCCCATTTAGGC-1,Astro
TTGGTCCGTCGTAATC-1,L2/3 IT
TTGGTCCGTGGACAGT-1,Oligo
TTGGTCCTCCAGGTCG-1,L4
TTGGTCCTCCGATGCG-1,L2/3 IT
TTGGTCCTCTAGCTGA-1,Astro
TTGTCTAAGAACCCGA-1,L6 IT
TTGTCTAAGTCCGTGC-1,L4
TTGTCTACAGCGTCGT-1,L2/3 IT
TTGTCTACATCGAGTT-1,Macrophage
TTGTCTAGTTTGCATG-1,Vip
TTGTCTATCTCTTCCT-1,Oligo
TTGTTCAAGAACCATA-1,Astro
TTGTTCAAGGAGTACC-1,L6 CT
TTGTTCACAACTCGTA-1,L6 CT
TTGTTCACAAGTTCGT-1,Oligo
TTGTTCACACTCAGCG-1,L4
TTGTTCACATAAAGTG-1,L4
TTGTTCAGTGTGAGGT-1,L5 IT
TTGTTCAGTTGTGACT-1,L4
TTGTTCATCAGGATCT-1,L4
TTGTTCATCAGGTTTG-1,L6 CT
TTGTTGTAGAGCCTGA-1,L4
TTGTTGTAGTGCACAG-1,Oligo
TTGTTGTCAATCACTG-1,L2/3 IT
TTGTTGTGTCATAGCT-1,Lamp5
TTGTTGTTCAAGAGGC-1,L6 CT
TTTACGTAGACTCGGA-1,L5 IT
TTTACGTAGAGGTGGG-1,Oligo
TTTACGTCAATAGCGG-1,L5 IT
TTTACGTCAGTAGGCA-1,Meis2
TTTACGTGTCTGCGCA-1,Lamp5
TTTACGTTCGATATGC-1,Pvalb
TTTGAGGAGCTGCTCG-1,L2/3 IT
TTTGAGGCAATGCACT-1,L4
TTTGAGGCATTGAACC-1,L6 CT
TTTGAGGGTCAGGCTC-1,L4
TTTGAGGTCCGATGCG-1,L2/3 IT
TTTGCGCAGACCCTAT-1,L4
TTTGCGCAGACCGCAA-1,L6 CT
TTTGCGCAGACTCTTG-1,Astro
TTTGCGCAGGAGTCTG-1,Astro
TTTGCGCCACCTGTGG-1,Astro
TTTGCGCCAGTAGGCA-1,L4
TTTGCGCGTCGTCGCA-1,Astro
TTTGCGCGTCTAAGAA-1,L6 CT
TTTGCGCTCCAACCTC-1,L4
TTTGCGCTCGAGTTAC-1,Oligo
TTTGGCCCAAGGCTTT-1,NP
TTTGGCCGTATGGATA-1,Astro
TTTGGCCGTTCTACGA-1,L5 IT
TTTGGCCTCACGTGTA-1,L5 PT
TTTGGCCTCCGCTCTA-1,L2/3 IT
TTTGGTTAGAACAGGA-1,L5 PT
TTTGGTTAGACACTTC-1,L6 IT
TTTGGTTAGCGCACAA-1,Macrophage
TTTGGTTAGGCTGGAT-1,Oligo
TTTGGTTCAAAGAAGG-1,L4
TTTGGTTCACATTCTT-1,L4
TTTGGTTCACGTGAAG-1,Astro
TTTGGTTGTACCGGCT-1,L4
TTTGGTTGTGATGTGG-1,Meis2
TTTGGTTGTTGAAGCG-1,L5 PT
TTTGGTTTCAGATACC-1,L2/3 IT
TTTGTGTCAGACTAAA-1,Oligo
TTTGTGTCAGTAGGCA-1,L2/3 IT
TTTGTGTCATAGTCCA-1,L6b
TTTGTGTGTAACATAG-1,L6 IT
TTTGTGTGTACTTCAG-1,L4
TTTGTGTGTCATAAGA-1,L2/3 IT
TTTGTGTTCAGGGTTT-1,L6 CT
TTTGTGTTCTCTGCGT-1,L5 IT
TTTGTGTTCTTACTCA-1,Oligo
